"priority_rank","priority_tier","company_or_person","region","country","city","type_or_size","specialty","why_promising","website","contact_email","instagram","contact_confidence","research_source_url","email_subject","email_body"
"1","A+","3DQ Studio","Europe","Spain","Valencia","Boutique studio (1–10)","High-end architectural visualization; exterior/interior CGI and animation","your careers page says you are always open to talented 3D artists with backgrounds in architecture, interiors, or photography","https://3dq.studio/","contact@3dq.studio","","High","https://3dq.studio/","3D visualization support for 3DQ Studio","Hi 3DQ Studio team,

I’m [name], a 3D artist focused on architectural visualization, especially exterior/interior imagery and 3ds Max-based workflows. I’m reaching out because your careers page says you are always open to talented 3D artists with backgrounds in architecture, interiors, or photography.

If you ever need extra capacity, I can take on a self-contained part of a high-end architectural visualization; exterior/interior cgi and animation project and work to your references, naming conventions and feedback process.

If it is useful, I’d be happy to complete a small, clearly scoped test assignment; I’m also open to an unpaid test if that is your normal evaluation process. My portfolio is here: [portfolio]. If my work looks relevant, please send me a task or tell me what you would want to test first.

Best regards,
[name]"
"2","A+","ARTMULTIPLY","Asia","India","Gurugram","Visualization studio (20–50)","Architectural CGI, interiors/exteriors, 3ds Max/Corona production","your careers page specifically looks for 3D artists working with 3ds Max, Corona Renderer, and Photoshop","https://www.artmultiply.com/","info@artmultiply.com","","High","https://www.artmultiply.com/careers","Portfolio + a small trial task for ARTMULTIPLY","Hi ARTMULTIPLY team,

My name is [name]. I work in architectural visualization with a focus on exterior and interior scenes and 3ds Max production. I wanted to contact you specifically because your careers page specifically looks for 3D artists working with 3ds Max, Corona Renderer, and Photoshop.

My goal is to become the kind of external artist you can delegate a specific scene or image to when your internal team is busy, while keeping your creative direction and workflow intact.

If it is useful, I’d be happy to complete a small, clearly scoped test assignment; I’m also open to an unpaid test if that is your normal evaluation process. My portfolio is here: [portfolio]. If my work looks relevant, please send me a task or tell me what you would want to test first.

Thanks for taking a look,
[name]"
"3","A+","ArchLane CG","Asia","India","New Delhi","Small studio (1–10)","Cinematic architectural visualization; exterior/interior CGI","you recently advertised both senior and mid-level 3D Artist roles, including a remote option, and your work emphasizes cinematic lighting and refined materials","https://www.thearchlane.com/","info@thearchlane.com","@thearchlane","High","https://in.linkedin.com/in/aayush-verma-9a54b2a3","Freelance archviz support — ArchLane CG","Hi ArchLane CG team,

I’m [name], and I’m looking to contribute to strong architectural visualization teams on a project or trial basis. ArchLane CG stood out to me because you recently advertised both senior and mid-level 3D Artist roles, including a remote option, and your work emphasizes cinematic lighting and refined materials.

I’d be glad to help with a clearly defined part of your cinematic architectural visualization; exterior/interior cgi pipeline—modeling, scene setup, materials, lighting, camera work, rendering or revisions—depending on what is most useful to you.

If it is useful, I’d be happy to complete a small, clearly scoped test assignment; I’m also open to an unpaid test if that is your normal evaluation process. My portfolio is here: [portfolio]. If my work looks relevant, please send me a task or tell me what you would want to test first.

Thanks — I’d be glad to hear what would be most useful to test.
[name]"
"4","A+","In-Between Studio","United States","USA","Miami","Small studio (1–10)","Architectural visualization, CGI and real-time/Unreal work","your studio has listed remote Senior 3D Artist and Unreal Engine opportunities, which suggests you are comfortable evaluating remote talent","https://www.in-betweenstudio.com/","info@in-betweenstudio.com","","High","https://www.in-betweenstudio.com/pages/about.html","Could I help with overflow 3D work at In-Between Studio?","Hi In-Between Studio team,

I’m [name], a 3D visualization artist working with architectural exteriors, interiors and 3ds Max-based scenes. Rather than sending a generic application, I’m writing because your studio has listed remote Senior 3D Artist and Unreal Engine opportunities, which suggests you are comfortable evaluating remote talent.

I’m not asking you to commit to a full role. I’d prefer to prove fit through a small real production task related to architectural visualization, cgi and real-time/unreal work, with clear inputs, deadline and review criteria.

If it is useful, I’d be happy to complete a small, clearly scoped test assignment; I’m also open to an unpaid test if that is your normal evaluation process. My portfolio is here: [portfolio]. If my work looks relevant, please send me a task or tell me what you would want to test first.

Thank you for your time,
[name]"
"5","A+","Trim Render","United States","USA","Miami","Boutique visualization studio","Exterior/interior rendering, walkthroughs, virtual tours and floor plans","your contact page explicitly includes both job opportunities and B2B collaboration, which makes a small trial or overflow assignment especially relevant","https://www.trimrender.com/","jobs@trimrender.com","","High","https://www.trimrender.com/get-in-touch-with-us","Architectural visualization collaboration with Trim Render","Hi Trim Render team,

My name is [name], and I’m building relationships with studios and independent artists whose work I could support when deadlines or project volume increase. I chose to write to Trim Render because your contact page explicitly includes both job opportunities and B2B collaboration, which makes a small trial or overflow assignment especially relevant.

I can start with a narrow assignment—such as preparing an exterior/interior scene, matching a reference, refining materials/lighting, or taking a render through revisions—so you can judge quality and reliability directly.

I’d be happy to begin with one small trial or overflow assignment so you can assess my speed, scene organization, responsiveness to feedback and final visual quality before considering anything larger. You can see my work at [portfolio]. If there is a suitable task, I’d be grateful for the chance to try it.

Best,
[name]"
"6","A+","IDAA Studio","Europe","Romania / Greece","Bucharest / Athens","Boutique archviz studio","Architectural stills, interiors, walkthroughs and 360 animation","your careers page says you are open to people who are serious about architectural visualization and encourages portfolio submissions","https://idaa3d.com/","careers@idaa3d.com","","High","https://idaa3d.com/contact/","3ds Max / archviz production support for IDAA Studio","Hi IDAA Studio team,

I’m [name], a 3D artist focused on architectural visualization, especially exterior/interior imagery and 3ds Max-based workflows. I’m reaching out because your careers page says you are open to people who are serious about architectural visualization and encourages portfolio submissions.

If you ever need extra capacity, I can take on a self-contained part of a architectural stills, interiors, walkthroughs and 360 animation project and work to your references, naming conventions and feedback process.

If it is useful, I’d be happy to complete a small, clearly scoped test assignment; I’m also open to an unpaid test if that is your normal evaluation process. My portfolio is here: [portfolio]. If my work looks relevant, please send me a task or tell me what you would want to test first.

Best regards,
[name]"
"7","A+","Atelier Crilo","Europe","Italy","Rome","Small studio (1–10)","High-end architectural visualization, illustration and animation","you invite applications and say portfolios are evaluated carefully even when a specific role is not open","https://www.ateliercrilo.com/","jobs@ateliercrilo.com","","High","https://www.ateliercrilo.com/contact","3D visualization support for Atelier Crilo","Hi Atelier Crilo team,

My name is [name]. I work in architectural visualization with a focus on exterior and interior scenes and 3ds Max production. I wanted to contact you specifically because you invite applications and say portfolios are evaluated carefully even when a specific role is not open.

My goal is to become the kind of external artist you can delegate a specific scene or image to when your internal team is busy, while keeping your creative direction and workflow intact.

If it is useful, I’d be happy to complete a small, clearly scoped test assignment; I’m also open to an unpaid test if that is your normal evaluation process. My portfolio is here: [portfolio]. If my work looks relevant, please send me a task or tell me what you would want to test first.

Thanks for taking a look,
[name]"
"8","A+","AOP Visualization Studio","Europe","Spain / Germany","Barcelona / Munich","Small studio (1–10)","Architectural visualization and competition imagery","you have stated that you are permanently looking for talented CGI artists on a freelance basis, which is very close to the type of project support I am seeking","https://architectureonpaper.com/","jobs@architectureonpaper.info","","High","https://architectureonpaper.com/","Portfolio + a small trial task for AOP Visualization Studio","Hi AOP Visualization Studio team,

I’m [name], and I’m looking to contribute to strong architectural visualization teams on a project or trial basis. AOP Visualization Studio stood out to me because you have stated that you are permanently looking for talented CGI artists on a freelance basis, which is very close to the type of project support I am seeking.

I’d be glad to help with a clearly defined part of your architectural visualization and competition imagery pipeline—modeling, scene setup, materials, lighting, camera work, rendering or revisions—depending on what is most useful to you.

I’d be happy to begin with one small trial or overflow assignment so you can assess my speed, scene organization, responsiveness to feedback and final visual quality before considering anything larger. You can see my work at [portfolio]. If there is a suitable task, I’d be grateful for the chance to try it.

Thanks — I’d be glad to hear what would be most useful to test.
[name]"
"9","A+","GDA-V","Europe","Portugal","Lisbon","Architectural visualization studio","3D architectural imagery and visualization","you have advertised for 3D Architectural Artists and ask candidates to send a CV and portfolio directly","https://gda-v.com/","job@gda-v.com","","High","https://gda-v.com/","Freelance archviz support — GDA-V","Hi GDA-V team,

I’m [name], a 3D visualization artist working with architectural exteriors, interiors and 3ds Max-based scenes. Rather than sending a generic application, I’m writing because you have advertised for 3D Architectural Artists and ask candidates to send a CV and portfolio directly.

I’m not asking you to commit to a full role. I’d prefer to prove fit through a small real production task related to 3d architectural imagery and visualization, with clear inputs, deadline and review criteria.

If it is useful, I’d be happy to complete a small, clearly scoped test assignment; I’m also open to an unpaid test if that is your normal evaluation process. My portfolio is here: [portfolio]. If my work looks relevant, please send me a task or tell me what you would want to test first.

Thank you for your time,
[name]"
"10","A+","Virtual Resolution","Europe","UK","Leeds area","Architectural visualization studio","Architectural CGI and visualization","you have recently said the studio is busy and looking for archviz artists, making this a good moment to offer production support","https://virtualresolution.co.uk/","jobs@virtualresolution.co.uk","","High","https://virtualresolution.co.uk/","Could I help with overflow 3D work at Virtual Resolution?","Hi Virtual Resolution team,

My name is [name], and I’m building relationships with studios and independent artists whose work I could support when deadlines or project volume increase. I chose to write to Virtual Resolution because you have recently said the studio is busy and looking for archviz artists, making this a good moment to offer production support.

I can start with a narrow assignment—such as preparing an exterior/interior scene, matching a reference, refining materials/lighting, or taking a render through revisions—so you can judge quality and reliability directly.

If it is useful, I’d be happy to complete a small, clearly scoped test assignment; I’m also open to an unpaid test if that is your normal evaluation process. My portfolio is here: [portfolio]. If my work looks relevant, please send me a task or tell me what you would want to test first.

Best,
[name]"
"11","A+","ZUMO","Europe","Spain","Barcelona","Creative visualization studio","3D architectural imagery, animation and visual storytelling","your studio has published 3D Artist openings mentioning 3ds Max, Corona/V-Ray, Photoshop and Rhino","https://zumo.digital/","job@zumo.digital","","High","https://zumo.digital/","Architectural visualization collaboration with ZUMO","Hi ZUMO team,

I’m [name], a 3D artist focused on architectural visualization, especially exterior/interior imagery and 3ds Max-based workflows. I’m reaching out because your studio has published 3D Artist openings mentioning 3ds Max, Corona/V-Ray, Photoshop and Rhino.

If you ever need extra capacity, I can take on a self-contained part of a 3d architectural imagery, animation and visual storytelling project and work to your references, naming conventions and feedback process.

If it is useful, I’d be happy to complete a small, clearly scoped test assignment; I’m also open to an unpaid test if that is your normal evaluation process. My portfolio is here: [portfolio]. If my work looks relevant, please send me a task or tell me what you would want to test first.

Best regards,
[name]"
"12","A+","Parallel","Europe","Netherlands / UK","Amsterdam / London","Visualization studio","Architectural visualization, animation and Unreal Engine work","you maintain a dedicated jobs contact and have advertised 3D/Unreal positions and internships, suggesting an active pipeline for outside talent","https://parallel.nl/","jobs@parallel.nl","","High","https://parallel.nl/","3ds Max / archviz production support for Parallel","Hi Parallel team,

My name is [name]. I work in architectural visualization with a focus on exterior and interior scenes and 3ds Max production. I wanted to contact you specifically because you maintain a dedicated jobs contact and have advertised 3D/Unreal positions and internships, suggesting an active pipeline for outside talent.

My goal is to become the kind of external artist you can delegate a specific scene or image to when your internal team is busy, while keeping your creative direction and workflow intact.

If it is useful, I’d be happy to complete a small, clearly scoped test assignment; I’m also open to an unpaid test if that is your normal evaluation process. My portfolio is here: [portfolio]. If my work looks relevant, please send me a task or tell me what you would want to test first.

Thanks for taking a look,
[name]"
"13","A+","Visense Studio","Europe","UK","London","Architectural visualization studio","High-end stills and architectural animation","you recently sought Senior 3D Artists and Senior 3D Animation Artists and asked applicants to send portfolios","https://visensestudio.com/","info@visensestudio.com","","High","https://visensestudio.com/","3D visualization support for Visense Studio","Hi Visense Studio team,

I’m [name], and I’m looking to contribute to strong architectural visualization teams on a project or trial basis. Visense Studio stood out to me because you recently sought Senior 3D Artists and Senior 3D Animation Artists and asked applicants to send portfolios.

I’d be glad to help with a clearly defined part of your high-end stills and architectural animation pipeline—modeling, scene setup, materials, lighting, camera work, rendering or revisions—depending on what is most useful to you.

If it is useful, I’d be happy to complete a small, clearly scoped test assignment; I’m also open to an unpaid test if that is your normal evaluation process. My portfolio is here: [portfolio]. If my work looks relevant, please send me a task or tell me what you would want to test first.

Thanks — I’d be glad to hear what would be most useful to test.
[name]"
"14","A+","Nordblooms","United States","USA","New York","Boutique creative/visualization studio","Luxury architectural visualization and 3D asset creation","your 3D asset role specifically references 3ds Max with V-Ray or Corona materials, so my 3ds Max-based archviz work is directly relevant","https://nordblooms.com/","careers@nordblooms.com","","High","https://nordblooms.com/careers","Portfolio + a small trial task for Nordblooms","Hi Nordblooms team,

I’m [name], a 3D visualization artist working with architectural exteriors, interiors and 3ds Max-based scenes. Rather than sending a generic application, I’m writing because your 3D asset role specifically references 3ds Max with V-Ray or Corona materials, so my 3ds Max-based archviz work is directly relevant.

I’m not asking you to commit to a full role. I’d prefer to prove fit through a small real production task related to luxury architectural visualization and 3d asset creation, with clear inputs, deadline and review criteria.

If it is useful, I’d be happy to complete a small, clearly scoped test assignment; I’m also open to an unpaid test if that is your normal evaluation process. My portfolio is here: [portfolio]. If my work looks relevant, please send me a task or tell me what you would want to test first.

Thank you for your time,
[name]"
"15","A+","Gabriel Saunders","Oceania","Australia","Melbourne","Founder-led visualization studio","Architectural visualization, CGI and design communication","your studio has recently invited Architectural Visualiser applications and asks candidates to show a portfolio and explain their contribution","https://gabrielsaunders.com.au/","jobs@gabrielsaunders.com.au","","High","https://gabrielsaunders.com.au/","Freelance archviz support — Gabriel Saunders","Hi Gabriel Saunders team,

My name is [name], and I’m building relationships with studios and independent artists whose work I could support when deadlines or project volume increase. I chose to write to Gabriel Saunders because your studio has recently invited Architectural Visualiser applications and asks candidates to show a portfolio and explain their contribution.

I can start with a narrow assignment—such as preparing an exterior/interior scene, matching a reference, refining materials/lighting, or taking a render through revisions—so you can judge quality and reliability directly.

If it is useful, I’d be happy to complete a small, clearly scoped test assignment; I’m also open to an unpaid test if that is your normal evaluation process. My portfolio is here: [portfolio]. If my work looks relevant, please send me a task or tell me what you would want to test first.

Best,
[name]"
"16","A+","200Pixels","Oceania","Australia","Melbourne","Small studio (2–10)","3D visualization and real-estate marketing CGI","your careers information says you are always looking for talented 3D artists, designers and graduates and explicitly asks for a portfolio and résumé","https://200pixels.com.au/","info@200pixels.com.au","","High","https://200pixels.com.au/contact/","Could I help with overflow 3D work at 200Pixels?","Hi 200Pixels team,

I’m [name], a 3D artist focused on architectural visualization, especially exterior/interior imagery and 3ds Max-based workflows. I’m reaching out because your careers information says you are always looking for talented 3D artists, designers and graduates and explicitly asks for a portfolio and résumé.

If you ever need extra capacity, I can take on a self-contained part of a 3d visualization and real-estate marketing cgi project and work to your references, naming conventions and feedback process.

If it is useful, I’d be happy to complete a small, clearly scoped test assignment; I’m also open to an unpaid test if that is your normal evaluation process. My portfolio is here: [portfolio]. If my work looks relevant, please send me a task or tell me what you would want to test first.

Best regards,
[name]"
"17","A+","4pixos","Asia","Vietnam / Singapore","Ho Chi Minh City","Studio (10–20)","Exterior, interior and aerial architectural rendering and animation","you maintain a dedicated jobs address and a large architectural CGI pipeline across stills and animations","https://www.4pixosglobal.com/","jobs@4pixos.com","","High","https://www.4pixosglobal.com/","Architectural visualization collaboration with 4pixos","Hi 4pixos team,

My name is [name]. I work in architectural visualization with a focus on exterior and interior scenes and 3ds Max production. I wanted to contact you specifically because you maintain a dedicated jobs address and a large architectural CGI pipeline across stills and animations.

My goal is to become the kind of external artist you can delegate a specific scene or image to when your internal team is busy, while keeping your creative direction and workflow intact.

If it is useful, I’d be happy to complete a small, clearly scoped test assignment; I’m also open to an unpaid test if that is your normal evaluation process. My portfolio is here: [portfolio]. If my work looks relevant, please send me a task or tell me what you would want to test first.

Thanks for taking a look,
[name]"
"18","A+","AMO 3D Visual","Europe","Spain","Zaragoza","Small studio (1–10)","Photoreal architectural CGI, animation and 360 VR","you have advertised remote 3D Artist work requiring 3ds Max, V-Ray and Photoshop and ask candidates to send a CV and portfolio","https://amo3dvisual.com/","jobs@amo3dvisual.com","@amo3dvisual","High","https://es.linkedin.com/company/amo3dvisual","3ds Max / archviz production support for AMO 3D Visual","Hi AMO 3D Visual team,

I’m [name], and I’m looking to contribute to strong architectural visualization teams on a project or trial basis. AMO 3D Visual stood out to me because you have advertised remote 3D Artist work requiring 3ds Max, V-Ray and Photoshop and ask candidates to send a CV and portfolio.

I’d be glad to help with a clearly defined part of your photoreal architectural cgi, animation and 360 vr pipeline—modeling, scene setup, materials, lighting, camera work, rendering or revisions—depending on what is most useful to you.

If it is useful, I’d be happy to complete a small, clearly scoped test assignment; I’m also open to an unpaid test if that is your normal evaluation process. My portfolio is here: [portfolio]. If my work looks relevant, please send me a task or tell me what you would want to test first.

Thanks — I’d be glad to hear what would be most useful to test.
[name]"
"19","A+","Atelier Monolit","Europe","Romania","Iași","Small studio (1–10)","Architectural visualization focused on storytelling, materials and light","you have previously invited artists to submit portfolios and specifically referenced 3ds Max with Corona/V-Ray in your hiring criteria","https://ateliermonolit.com/","office@ateliermonolit.com","","High","https://www.linkedin.com/posts/ioan-ralea-toma-46207ba7_we-are-hiring-send-your-portfolio-and-your-activity-6666239731728175105-hBUQ","3D visualization support for Atelier Monolit","Hi Atelier Monolit team,

I’m [name], a 3D visualization artist working with architectural exteriors, interiors and 3ds Max-based scenes. Rather than sending a generic application, I’m writing because you have previously invited artists to submit portfolios and specifically referenced 3ds Max with Corona/V-Ray in your hiring criteria.

I’m not asking you to commit to a full role. I’d prefer to prove fit through a small real production task related to architectural visualization focused on storytelling, materials and light, with clear inputs, deadline and review criteria.

If it is useful, I’d be happy to complete a small, clearly scoped test assignment; I’m also open to an unpaid test if that is your normal evaluation process. My portfolio is here: [portfolio]. If my work looks relevant, please send me a task or tell me what you would want to test first.

Thank you for your time,
[name]"
"20","A+","Mangoshake","Europe","Czechia","Brno","Creative CGI studio","CGI, visualization, film, design and motion","your site says you are always on the lookout for fresh creatives and provides a dedicated jobs email","https://mangoshake.cz/","jobs@mangoshake.cz","","High","https://mangoshake.cz/about/","Portfolio + a small trial task for Mangoshake","Hi Mangoshake team,

My name is [name], and I’m building relationships with studios and independent artists whose work I could support when deadlines or project volume increase. I chose to write to Mangoshake because your site says you are always on the lookout for fresh creatives and provides a dedicated jobs email.

I can start with a narrow assignment—such as preparing an exterior/interior scene, matching a reference, refining materials/lighting, or taking a render through revisions—so you can judge quality and reliability directly.

If it is useful, I’d be happy to complete a small, clearly scoped test assignment; I’m also open to an unpaid test if that is your normal evaluation process. My portfolio is here: [portfolio]. If my work looks relevant, please send me a task or tell me what you would want to test first.

Best,
[name]"
"21","A+","Marygold Studio","Europe","UK / UAE","London / Dubai","Visualization agency","Real-estate visualization, luxury archviz, CGI and animation","your site has an active job application flow, a dedicated jobs address, and a team structure that includes junior through mid-level 3D artists","https://marygold-studio.com/","jobs@marygold-studio.com","","High","https://marygold-studio.com/about","Freelance archviz support — Marygold Studio","Hi Marygold Studio team,

I’m [name], a 3D artist focused on architectural visualization, especially exterior/interior imagery and 3ds Max-based workflows. I’m reaching out because your site has an active job application flow, a dedicated jobs address, and a team structure that includes junior through mid-level 3D artists.

If you ever need extra capacity, I can take on a self-contained part of a real-estate visualization, luxury archviz, cgi and animation project and work to your references, naming conventions and feedback process.

If it is useful, I’d be happy to complete a small, clearly scoped test assignment; I’m also open to an unpaid test if that is your normal evaluation process. My portfolio is here: [portfolio]. If my work looks relevant, please send me a task or tell me what you would want to test first.

Best regards,
[name]"
"22","A+","7CGI","United States","USA / Bangladesh","Beaverton / Dhaka","Visualization company (20+ artists)","Architectural and product rendering, modeling, animation, 360/VR","your careers page says you are always looking for people passionate about 3D visualization and currently lists Architectural Visualizer and 3D Animation Artist tracks","https://7cgi.com/","abdullah@7cgi.com","","High","https://7cgi.com/career/","Could I help with overflow 3D work at 7CGI?","Hi Abdullah and the 7CGI team,

My name is [name]. I work in architectural visualization with a focus on exterior and interior scenes and 3ds Max production. I wanted to contact you specifically because your careers page says you are always looking for people passionate about 3D visualization and currently lists Architectural Visualizer and 3D Animation Artist tracks.

My goal is to become the kind of external artist you can delegate a specific scene or image to when your internal team is busy, while keeping your creative direction and workflow intact.

If it is useful, I’d be happy to complete a small, clearly scoped test assignment; I’m also open to an unpaid test if that is your normal evaluation process. My portfolio is here: [portfolio]. If my work looks relevant, please send me a task or tell me what you would want to test first.

Thanks for taking a look,
[name]"
"23","A+","ailleurs.studio","Europe","France","Paris","Small studio (2–10)","Photoreal architectural imagery, motion films and photography","you explicitly describe collaborating with CGI artists, filmmakers, motion designers, photographers and AI researchers and invite like-minded people to get in touch","https://ailleurs.studio/","info@ailleurs.studio","","High","https://fr.linkedin.com/company/ailleurs-studio","Architectural visualization collaboration with ailleurs.studio","Hi ailleurs.studio team,

I’m [name], and I’m looking to contribute to strong architectural visualization teams on a project or trial basis. ailleurs.studio stood out to me because you explicitly describe collaborating with CGI artists, filmmakers, motion designers, photographers and AI researchers and invite like-minded people to get in touch.

I’d be glad to help with a clearly defined part of your photoreal architectural imagery, motion films and photography pipeline—modeling, scene setup, materials, lighting, camera work, rendering or revisions—depending on what is most useful to you.

I’d be happy to begin with one small trial or overflow assignment so you can assess my speed, scene organization, responsiveness to feedback and final visual quality before considering anything larger. You can see my work at [portfolio]. If there is a suitable task, I’d be grateful for the chance to try it.

Thanks — I’d be glad to hear what would be most useful to test.
[name]"
"24","A+","360360","Europe","Switzerland","Zurich","Small studio (1–10)","Architectural visualization for competitions and presentations","your jobs information asks candidates to send a CV and portfolio, so a compact production test would fit your existing evaluation process","https://www.360360.ch/","office@360360.ch","","High","https://www.360360.ch/infos","3ds Max / archviz production support for 360360","Hi 360360 team,

I’m [name], a 3D visualization artist working with architectural exteriors, interiors and 3ds Max-based scenes. Rather than sending a generic application, I’m writing because your jobs information asks candidates to send a CV and portfolio, so a compact production test would fit your existing evaluation process.

I’m not asking you to commit to a full role. I’d prefer to prove fit through a small real production task related to architectural visualization for competitions and presentations, with clear inputs, deadline and review criteria.

If it is useful, I’d be happy to complete a small, clearly scoped test assignment; I’m also open to an unpaid test if that is your normal evaluation process. My portfolio is here: [portfolio]. If my work looks relevant, please send me a task or tell me what you would want to test first.

Thank you for your time,
[name]"
"25","A+","BE EXTRAORDINARY","Europe","Germany","Munich","Visualization/creative studio","High-end 3D visualization and CGI","your careers page includes a Senior 3D Artist track, indicating an established process for evaluating visualization talent","https://b-extraordinary.de/","jobs@b-extraordinary.de","","High","https://b-extraordinary.de/","3D visualization support for BE EXTRAORDINARY","Hi BE EXTRAORDINARY team,

My name is [name], and I’m building relationships with studios and independent artists whose work I could support when deadlines or project volume increase. I chose to write to BE EXTRAORDINARY because your careers page includes a Senior 3D Artist track, indicating an established process for evaluating visualization talent.

I can start with a narrow assignment—such as preparing an exterior/interior scene, matching a reference, refining materials/lighting, or taking a render through revisions—so you can judge quality and reliability directly.

If it is useful, I’d be happy to complete a small, clearly scoped test assignment; I’m also open to an unpaid test if that is your normal evaluation process. My portfolio is here: [portfolio]. If my work looks relevant, please send me a task or tell me what you would want to test first.

Best,
[name]"
"26","A","3MD Studio","Asia","UAE","Dubai","Small studio (1–10)","Architectural/interior design, 3D renders, animations and 360 VR","you describe the studio as co-producing imagery and animation with architects, developers and marketing agencies, and you explicitly invite collaboration","https://www.3mdstudio.net/","info@3mdstudio.net","@3mdstudio","High","https://www.3mdstudio.net/","Portfolio + a small trial task for 3MD Studio","Hi 3MD Studio team,

I’m [name], a 3D artist focused on architectural visualization, especially exterior/interior imagery and 3ds Max-based workflows. I’m reaching out because you describe the studio as co-producing imagery and animation with architects, developers and marketing agencies, and you explicitly invite collaboration.

If you ever need extra capacity, I can take on a self-contained part of a architectural/interior design, 3d renders, animations and 360 vr project and work to your references, naming conventions and feedback process.

I’d be happy to begin with one small trial or overflow assignment so you can assess my speed, scene organization, responsiveness to feedback and final visual quality before considering anything larger. You can see my work at [portfolio]. If there is a suitable task, I’d be grateful for the chance to try it.

Best regards,
[name]"
"27","A","i8 Studio","Asia","Vietnam","Da Nang","Visualization studio (20–50)","3DCG, animation, VR, BIM and architectural outsourcing","your site positions i8 as a high-quality CG outsourcing partner and trusted CG partner for Japanese architecture companies","https://i8studio.vn/en","info@i8studio.vn","","High","https://i8studio.vn/en/solution","Freelance archviz support — i8 Studio","Hi i8 Studio team,

My name is [name]. I work in architectural visualization with a focus on exterior and interior scenes and 3ds Max production. I wanted to contact you specifically because your site positions i8 as a high-quality CG outsourcing partner and trusted CG partner for Japanese architecture companies.

My goal is to become the kind of external artist you can delegate a specific scene or image to when your internal team is busy, while keeping your creative direction and workflow intact.

I’d be happy to begin with one small trial or overflow assignment so you can assess my speed, scene organization, responsiveness to feedback and final visual quality before considering anything larger. You can see my work at [portfolio]. If there is a suitable task, I’d be grateful for the chance to try it.

Thanks for taking a look,
[name]"
"28","A","LHB Design","Asia","Vietnam","Da Nang","Small studio (1–10)","Exterior/interior visualization, animation and VR","your recent visualization work uses a 3ds Max/Corona/Photoshop pipeline and your small-team structure makes overflow support a realistic fit","https://lhbdesign.studio/","contact@lhbdesign.studio","","Medium-High","https://www.archvizbase.com/","Could I help with overflow 3D work at LHB Design?","Hi LHB Design team,

I’m [name], and I’m looking to contribute to strong architectural visualization teams on a project or trial basis. LHB Design stood out to me because your recent visualization work uses a 3ds Max/Corona/Photoshop pipeline and your small-team structure makes overflow support a realistic fit.

I’d be glad to help with a clearly defined part of your exterior/interior visualization, animation and vr pipeline—modeling, scene setup, materials, lighting, camera work, rendering or revisions—depending on what is most useful to you.

I’d be happy to complete a small trial task first so there is no need to make a hiring decision upfront. My portfolio is [portfolio]. If you have a scene, image or production task that could be delegated, I’d be glad to take it on and work to your feedback.

Thanks — I’d be glad to hear what would be most useful to test.
[name]"
"29","A","Koma Visualization","Asia","Indonesia","BSD City","Independent visualization studio","Stills, VR, interactive web, animation and cinemagraphs","you operate as an independent visualization practice across stills, VR and animation, where project peaks can benefit from flexible production support","https://www.komavisualization.com/","info@komavisualization.com","@komavisualization","High","https://www.komavisualization.com/","Architectural visualization collaboration with Koma Visualization","Hi Koma Visualization team,

I’m [name], a 3D visualization artist working with architectural exteriors, interiors and 3ds Max-based scenes. Rather than sending a generic application, I’m writing because you operate as an independent visualization practice across stills, VR and animation, where project peaks can benefit from flexible production support.

I’m not asking you to commit to a full role. I’d prefer to prove fit through a small real production task related to stills, vr, interactive web, animation and cinemagraphs, with clear inputs, deadline and review criteria.

I’d be happy to complete a small trial task first so there is no need to make a hiring decision upfront. My portfolio is [portfolio]. If you have a scene, image or production task that could be delegated, I’d be glad to take it on and work to your feedback.

Thank you for your time,
[name]"
"30","A","MA / createdby.ma","Asia","Vietnam","Ho Chi Minh City","Small studio (1–10)","Narrative architectural visualization for hotels, resorts and large developments","MA has recently recruited junior and mid-level visualisers for exterior CGI with 3ds Max, Corona Renderer and Photoshop, and describes itself as a small close team","https://createdby.ma/","createdbyma@hotmail.com","","Medium","https://www.glartent.com/VN/Ho-Chi-Minh-City/742368212639380/MA","3ds Max / archviz production support for MA / createdby.ma","Hi MA team,

My name is [name], and I’m building relationships with studios and independent artists whose work I could support when deadlines or project volume increase. I chose to write to MA / createdby.ma because MA has recently recruited junior and mid-level visualisers for exterior CGI with 3ds Max, Corona Renderer and Photoshop, and describes itself as a small close team.

I can start with a narrow assignment—such as preparing an exterior/interior scene, matching a reference, refining materials/lighting, or taking a render through revisions—so you can judge quality and reliability directly.

If it is useful, I’d be happy to complete a small, clearly scoped test assignment; I’m also open to an unpaid test if that is your normal evaluation process. My portfolio is here: [portfolio]. If my work looks relevant, please send me a task or tell me what you would want to test first.

Best,
[name]"
"31","A","ARKA","Asia","Pakistan","Pakistan / Remote","Architecture/visualization practice","Architectural visualization and 3D design","you have advertised a 3D Visualization Specialist role, making a portfolio-led introduction more relevant than a generic cold email","https://arka.pk/","careers@arka.pk","","Medium-High","https://arka.pk/","3D visualization support for ARKA","Hi ARKA team,

I’m [name], a 3D artist focused on architectural visualization, especially exterior/interior imagery and 3ds Max-based workflows. I’m reaching out because you have advertised a 3D Visualization Specialist role, making a portfolio-led introduction more relevant than a generic cold email.

If you ever need extra capacity, I can take on a self-contained part of a architectural visualization and 3d design project and work to your references, naming conventions and feedback process.

If it is useful, I’d be happy to complete a small, clearly scoped test assignment; I’m also open to an unpaid test if that is your normal evaluation process. My portfolio is here: [portfolio]. If my work looks relevant, please send me a task or tell me what you would want to test first.

Best regards,
[name]"
"32","A","AHORAPHIX","Asia","South Korea","Seoul","Small studio (1–10)","Architectural stills, aerials, interiors and animation","your compact Seoul-based studio covers stills, aerials, interiors and animation, which is the kind of mixed pipeline where reliable extra production capacity can help","https://ahoraphix.com/","aho@ahoraphix.com","","High","https://ahoraphix.com/contact/","Portfolio + a small trial task for AHORAPHIX","Hi AHORAPHIX team,

My name is [name]. I work in architectural visualization with a focus on exterior and interior scenes and 3ds Max production. I wanted to contact you specifically because your compact Seoul-based studio covers stills, aerials, interiors and animation, which is the kind of mixed pipeline where reliable extra production capacity can help.

My goal is to become the kind of external artist you can delegate a specific scene or image to when your internal team is busy, while keeping your creative direction and workflow intact.

I’d be happy to complete a small trial task first so there is no need to make a hiring decision upfront. My portfolio is [portfolio]. If you have a scene, image or production task that could be delegated, I’d be glad to take it on and work to your feedback.

Thanks for taking a look,
[name]"
"33","A","Akash Moish Archviz","Asia","India","Bengaluru","Independent 3D artist","Architectural visualization, exterior and interior imagery","you operate as an independent architectural visualizer, so I am reaching out specifically as potential overflow support rather than applying to a large company","https://www.behance.net/gallery/183583679/Verandah-House","akash@akashmoisharchviz.com","","High","https://www.behance.net/gallery/183583679/Verandah-House","Freelance archviz support — Akash Moish Archviz","Hi Akash,

I’m [name], and I’m looking to contribute to strong architectural visualization teams on a project or trial basis. Akash Moish Archviz stood out to me because you operate as an independent architectural visualizer, so I am reaching out specifically as potential overflow support rather than applying to a large company.

I’d be glad to help with a clearly defined part of your architectural visualization, exterior and interior imagery pipeline—modeling, scene setup, materials, lighting, camera work, rendering or revisions—depending on what is most useful to you.

If you ever have overflow work you would rather delegate than turn down or rush, I’d be happy to do a small test first so you can judge whether my files, communication and visual quality fit your workflow. Portfolio: [portfolio]. Even a single bounded scene or image would be enough to start.

Thanks — I’d be glad to hear what would be most useful to test.
[name]"
"34","A","Heroom","Asia","China","Guangzhou","Small visualization studio (1–10)","Architectural rendering, animation and VR","your studio works across 3D renderings, animation and VR for architectural clients, making flexible scene-building or rendering support potentially useful during production peaks","https://architizer.com/firms/guangzhou-heroom-cg/","business@heroomcg.com","","Medium-High","https://architizer.com/firms/guangzhou-heroom-cg/","Could I help with overflow 3D work at Heroom?","Hi Heroom team,

I’m [name], a 3D visualization artist working with architectural exteriors, interiors and 3ds Max-based scenes. Rather than sending a generic application, I’m writing because your studio works across 3D renderings, animation and VR for architectural clients, making flexible scene-building or rendering support potentially useful during production peaks.

I’m not asking you to commit to a full role. I’d prefer to prove fit through a small real production task related to architectural rendering, animation and vr, with clear inputs, deadline and review criteria.

I’d be happy to complete a small trial task first so there is no need to make a hiring decision upfront. My portfolio is [portfolio]. If you have a scene, image or production task that could be delegated, I’d be glad to take it on and work to your feedback.

Thank you for your time,
[name]"
"35","A","Archvizstudio3d","Asia","Vietnam","Ho Chi Minh City","Visualization studio","Exterior/interior renders, plans, VR, animation and virtual staging","your service mix spans exteriors, interiors, plans, VR and animation for international clients, so I can see a clear use case for task-by-task production help","https://www.archvizstudio3d.com/","archvizstudio85@gmail.com","","High","https://www.archvizstudio3d.com/","Architectural visualization collaboration with Archvizstudio3d","Hi Archvizstudio3d team,

My name is [name], and I’m building relationships with studios and independent artists whose work I could support when deadlines or project volume increase. I chose to write to Archvizstudio3d because your service mix spans exteriors, interiors, plans, VR and animation for international clients, so I can see a clear use case for task-by-task production help.

I can start with a narrow assignment—such as preparing an exterior/interior scene, matching a reference, refining materials/lighting, or taking a render through revisions—so you can judge quality and reliability directly.

I’d be happy to complete a small trial task first so there is no need to make a hiring decision upfront. My portfolio is [portfolio]. If you have a scene, image or production task that could be delegated, I’d be glad to take it on and work to your feedback.

Best,
[name]"
"36","A","Karam Kattan","Oceania","Australia","Melbourne","Independent architectural illustrator/visualizer","Development renders, architectural illustration and 3D marketing imagery","your work combines architectural illustration and development-focused renders, and as an independent visualizer you may occasionally need a second pair of hands on production-heavy tasks","https://www.karamkattan.com/","karam@karamkattan.com","","High","https://www.karamkattan.com/contact","3ds Max / archviz production support for Karam Kattan","Hi Karam,

I’m [name], a 3D artist focused on architectural visualization, especially exterior/interior imagery and 3ds Max-based workflows. I’m reaching out because your work combines architectural illustration and development-focused renders, and as an independent visualizer you may occasionally need a second pair of hands on production-heavy tasks.

If you ever need extra capacity, I can take on a self-contained part of a development renders, architectural illustration and 3d marketing imagery project and work to your references, naming conventions and feedback process.

If you ever have overflow work you would rather delegate than turn down or rush, I’d be happy to do a small test first so you can judge whether my files, communication and visual quality fit your workflow. Portfolio: [portfolio]. Even a single bounded scene or image would be enough to start.

Best regards,
[name]"
"37","A","Studio Piper","Oceania","Australia","Melbourne","Small studio (2–10)","High-end 3D architectural visualization and animation","your small Melbourne team focuses on high-end realism and animation, which makes targeted overflow support more plausible than at a large agency","https://www.studiopiper.com.au/","info@studiopiper.com.au","","High","https://www.studiopiper.com.au/","3D visualization support for Studio Piper","Hi Studio Piper team,

My name is [name]. I work in architectural visualization with a focus on exterior and interior scenes and 3ds Max production. I wanted to contact you specifically because your small Melbourne team focuses on high-end realism and animation, which makes targeted overflow support more plausible than at a large agency.

My goal is to become the kind of external artist you can delegate a specific scene or image to when your internal team is busy, while keeping your creative direction and workflow intact.

I’d be happy to complete a small trial task first so there is no need to make a hiring decision upfront. My portfolio is [portfolio]. If you have a scene, image or production task that could be delegated, I’d be glad to take it on and work to your feedback.

Thanks for taking a look,
[name]"
"38","A","Visualising Space","Oceania","Australia","Perth","Small CGI studio (1–10)","Photoreal architectural CGI and cinemagraphs","your compact CGI studio works directly with architects, developers and designers, so I would be interested in supporting the rendering pipeline when several client deadlines overlap","https://www.visualisingspace.com/","info@visualisingspace.com","","High","https://www.visualisingspace.com/","Portfolio + a small trial task for Visualising Space","Hi Visualising Space team,

I’m [name], and I’m looking to contribute to strong architectural visualization teams on a project or trial basis. Visualising Space stood out to me because your compact CGI studio works directly with architects, developers and designers, so I would be interested in supporting the rendering pipeline when several client deadlines overlap.

I’d be glad to help with a clearly defined part of your photoreal architectural cgi and cinemagraphs pipeline—modeling, scene setup, materials, lighting, camera work, rendering or revisions—depending on what is most useful to you.

I’d be happy to complete a small trial task first so there is no need to make a hiring decision upfront. My portfolio is [portfolio]. If you have a scene, image or production task that could be delegated, I’d be glad to take it on and work to your feedback.

Thanks — I’d be glad to hear what would be most useful to test.
[name]"
"39","A","AX2 Studio","Oceania","Australia","Buderim, Queensland","Boutique studio","Architectural visualization, 3D rendering and animation","you deliberately operate as a boutique visualization studio and emphasize digital storytelling, a structure where flexible freelance production support can be useful","https://ax2studio.com/","contact@ax2studio.com","@ax2studio","High","https://ax2studio.com/contact/","Freelance archviz support — AX2 Studio","Hi AX2 Studio team,

I’m [name], a 3D visualization artist working with architectural exteriors, interiors and 3ds Max-based scenes. Rather than sending a generic application, I’m writing because you deliberately operate as a boutique visualization studio and emphasize digital storytelling, a structure where flexible freelance production support can be useful.

I’m not asking you to commit to a full role. I’d prefer to prove fit through a small real production task related to architectural visualization, 3d rendering and animation, with clear inputs, deadline and review criteria.

I’d be happy to complete a small trial task first so there is no need to make a hiring decision upfront. My portfolio is [portfolio]. If you have a scene, image or production task that could be delegated, I’d be glad to take it on and work to your feedback.

Thank you for your time,
[name]"
"40","A","MOGAMMA","Oceania","Australia","Melbourne","Small studio (2–10)","Photoreal architectural CGI, animation and VR","your work serves planning, competitions and real-estate marketing across photoreal CGI and animation, so there are several production stages I could support on an overflow basis","https://mogamma.com.au/","hello@mogamma.com.au","@mogamma_","High","https://mogamma.com.au/","Could I help with overflow 3D work at MOGAMMA?","Hi MOGAMMA team,

My name is [name], and I’m building relationships with studios and independent artists whose work I could support when deadlines or project volume increase. I chose to write to MOGAMMA because your work serves planning, competitions and real-estate marketing across photoreal CGI and animation, so there are several production stages I could support on an overflow basis.

I can start with a narrow assignment—such as preparing an exterior/interior scene, matching a reference, refining materials/lighting, or taking a render through revisions—so you can judge quality and reliability directly.

I’d be happy to complete a small trial task first so there is no need to make a hiring decision upfront. My portfolio is [portfolio]. If you have a scene, image or production task that could be delegated, I’d be glad to take it on and work to your feedback.

Best,
[name]"
"41","A","Another Angle","Oceania","Australia / Estonia","Melbourne / Tallinn","Small studio (1–10)","Architectural renderings, 360 panoramas and product visualization","your small cross-region studio handles architectural renderings, 360 panoramas and product work, making project-by-project support a natural way to test fit","https://anotherangle.ee/","info@anotherangle.ee","@anotherangle3d","High","https://anotherangle.ee/about/","Architectural visualization collaboration with Another Angle","Hi Another Angle team,

I’m [name], a 3D artist focused on architectural visualization, especially exterior/interior imagery and 3ds Max-based workflows. I’m reaching out because your small cross-region studio handles architectural renderings, 360 panoramas and product work, making project-by-project support a natural way to test fit.

If you ever need extra capacity, I can take on a self-contained part of a architectural renderings, 360 panoramas and product visualization project and work to your references, naming conventions and feedback process.

I’d be happy to complete a small trial task first so there is no need to make a hiring decision upfront. My portfolio is [portfolio]. If you have a scene, image or production task that could be delegated, I’d be glad to take it on and work to your feedback.

Best regards,
[name]"
"42","A","ArviStudios","Oceania","Australia","Melbourne","Architectural visualization studio","Exterior/interior CGI for architects, developers and agencies","you work across architectural, development and agency projects, where quick access to additional modeling or rendering capacity can be valuable","https://www.arvistudios.com.au/","info@arvistudios.com.au","","High","https://www.arvistudios.com.au/","3ds Max / archviz production support for ArviStudios","Hi ArviStudios team,

My name is [name]. I work in architectural visualization with a focus on exterior and interior scenes and 3ds Max production. I wanted to contact you specifically because you work across architectural, development and agency projects, where quick access to additional modeling or rendering capacity can be valuable.

My goal is to become the kind of external artist you can delegate a specific scene or image to when your internal team is busy, while keeping your creative direction and workflow intact.

I’d be happy to complete a small trial task first so there is no need to make a hiring decision upfront. My portfolio is [portfolio]. If you have a scene, image or production task that could be delegated, I’d be glad to take it on and work to your feedback.

Thanks for taking a look,
[name]"
"43","A","BATA Visuals","Oceania","Australia","Sydney","Visualization studio","3D visualization, architectural rendering and animation","your focus on architectural rendering and animation is closely aligned with the exterior/interior production work I want to contribute","https://www.batavisuals.com/","hello@batavisuals.com","","High","https://www.batavisuals.com/work","3D visualization support for BATA Visuals","Hi BATA Visuals team,

I’m [name], and I’m looking to contribute to strong architectural visualization teams on a project or trial basis. BATA Visuals stood out to me because your focus on architectural rendering and animation is closely aligned with the exterior/interior production work I want to contribute.

I’d be glad to help with a clearly defined part of your 3d visualization, architectural rendering and animation pipeline—modeling, scene setup, materials, lighting, camera work, rendering or revisions—depending on what is most useful to you.

I’d be happy to complete a small trial task first so there is no need to make a hiring decision upfront. My portfolio is [portfolio]. If you have a scene, image or production task that could be delegated, I’d be glad to take it on and work to your feedback.

Thanks — I’d be glad to hear what would be most useful to test.
[name]"
"44","A","TWO—o Seven","Oceania","Australia","Melbourne","Small studio (1–10)","Architectural visualization, films, product and interactive work","your small team works across architectural images, film and interactive content, so I would be happy to start by taking on a clearly bounded production task","https://www.twooseven.com.au/","hello@twooseven.com.au","","High","https://www.twooseven.com.au/","Portfolio + a small trial task for TWO—o Seven","Hi TWO—o Seven team,

I’m [name], a 3D visualization artist working with architectural exteriors, interiors and 3ds Max-based scenes. Rather than sending a generic application, I’m writing because your small team works across architectural images, film and interactive content, so I would be happy to start by taking on a clearly bounded production task.

I’m not asking you to commit to a full role. I’d prefer to prove fit through a small real production task related to architectural visualization, films, product and interactive work, with clear inputs, deadline and review criteria.

I’d be happy to complete a small trial task first so there is no need to make a hiring decision upfront. My portfolio is [portfolio]. If you have a scene, image or production task that could be delegated, I’d be glad to take it on and work to your feedback.

Thank you for your time,
[name]"
"45","A","supercheap3D","Oceania","Australia","Australia / Remote","Visualization production studio","Exterior/interior CGI, animation, plans and architectural visualization","your business is structured around producing a broad range of architectural visualization deliverables, so reliable task delegation is directly relevant to the way you operate","https://supercheap3d.com.au/","studio@supercheap3d.com.au","@supercheap3d","High","https://supercheap3d.com.au/","Freelance archviz support — supercheap3D","Hi supercheap3D team,

My name is [name], and I’m building relationships with studios and independent artists whose work I could support when deadlines or project volume increase. I chose to write to supercheap3D because your business is structured around producing a broad range of architectural visualization deliverables, so reliable task delegation is directly relevant to the way you operate.

I can start with a narrow assignment—such as preparing an exterior/interior scene, matching a reference, refining materials/lighting, or taking a render through revisions—so you can judge quality and reliability directly.

I’d be happy to begin with one small trial or overflow assignment so you can assess my speed, scene organization, responsiveness to feedback and final visual quality before considering anything larger. You can see my work at [portfolio]. If there is a suitable task, I’d be grateful for the chance to try it.

Best,
[name]"
"46","A","TILTPIXEL","United States","USA","Houston","Small studio","High-end architectural stills, 3D films and VR","your small team produces high-end architectural imagery and films, which makes discreet overflow support on modeling, look-development or rendering worth exploring","https://tiltpixel.com/","info@tiltpixel.com","@tiltpixel","High","https://tiltpixel.com/contact/","Could I help with overflow 3D work at TILTPIXEL?","Hi TILTPIXEL team,

I’m [name], a 3D artist focused on architectural visualization, especially exterior/interior imagery and 3ds Max-based workflows. I’m reaching out because your small team produces high-end architectural imagery and films, which makes discreet overflow support on modeling, look-development or rendering worth exploring.

If you ever need extra capacity, I can take on a self-contained part of a high-end architectural stills, 3d films and vr project and work to your references, naming conventions and feedback process.

I’d be happy to complete a small trial task first so there is no need to make a hiring decision upfront. My portfolio is [portfolio]. If you have a scene, image or production task that could be delegated, I’d be glad to take it on and work to your feedback.

Best regards,
[name]"
"47","A","Auro Visual","United States","USA","New York","Boutique/founder-led studio","Photoreal architectural visualization for luxury residential, hospitality and commercial work","your founder-led practice focuses on polished luxury residential and hospitality imagery, where consistency and attention to detail matter as much as speed","https://aurovisual.com/","hello@aurovisual.com","","High","https://aurovisual.com/","Architectural visualization collaboration with Auro Visual","Hi Auro Visual team,

My name is [name]. I work in architectural visualization with a focus on exterior and interior scenes and 3ds Max production. I wanted to contact you specifically because your founder-led practice focuses on polished luxury residential and hospitality imagery, where consistency and attention to detail matter as much as speed.

My goal is to become the kind of external artist you can delegate a specific scene or image to when your internal team is busy, while keeping your creative direction and workflow intact.

I’d be happy to complete a small trial task first so there is no need to make a hiring decision upfront. My portfolio is [portfolio]. If you have a scene, image or production task that could be delegated, I’d be glad to take it on and work to your feedback.

Thanks for taking a look,
[name]"
"48","A","77 Render Studio","United States","USA / Colombia","Miami","Small studio (1–10)","CGI, animation, virtual tours, staging and real-estate sales visuals","your team covers everything from CGI and animation to virtual tours and sales experiences, so there are multiple production tasks that could be delegated independently","https://www.77renderstudio.com/","info@77renderstudio.com","@77_render_studio","High","https://www.77renderstudio.com/","3ds Max / archviz production support for 77 Render Studio","Hi 77 Render Studio team,

I’m [name], and I’m looking to contribute to strong architectural visualization teams on a project or trial basis. 77 Render Studio stood out to me because your team covers everything from CGI and animation to virtual tours and sales experiences, so there are multiple production tasks that could be delegated independently.

I’d be glad to help with a clearly defined part of your cgi, animation, virtual tours, staging and real-estate sales visuals pipeline—modeling, scene setup, materials, lighting, camera work, rendering or revisions—depending on what is most useful to you.

I’d be happy to complete a small trial task first so there is no need to make a hiring decision upfront. My portfolio is [portfolio]. If you have a scene, image or production task that could be delegated, I’d be glad to take it on and work to your feedback.

Thanks — I’d be glad to hear what would be most useful to test.
[name]"
"49","A","3DUS","United States","USA","Washington DC / Seattle / Tampa","Studio (10–20)","Architectural visualization, design, XR, animation and 360/VR","your combination of architectural visualization and XR creates a broad production pipeline where an additional 3D artist can contribute without needing to own the whole project","https://3dus.us/","info@3dus.us","@3dfactoryus","High","https://3dus.us/contact/","3D visualization support for 3DUS","Hi 3DUS team,

I’m [name], a 3D visualization artist working with architectural exteriors, interiors and 3ds Max-based scenes. Rather than sending a generic application, I’m writing because your combination of architectural visualization and XR creates a broad production pipeline where an additional 3D artist can contribute without needing to own the whole project.

I’m not asking you to commit to a full role. I’d prefer to prove fit through a small real production task related to architectural visualization, design, xr, animation and 360/vr, with clear inputs, deadline and review criteria.

I’d be happy to begin with one small trial or overflow assignment so you can assess my speed, scene organization, responsiveness to feedback and final visual quality before considering anything larger. You can see my work at [portfolio]. If there is a suitable task, I’d be grateful for the chance to try it.

Thank you for your time,
[name]"
"50","A","A.MASOW","United States","USA","Los Angeles","Small studio (1–10)","Architecture, interiors, product CGI, animation and VR","your small studio spans architecture, interiors, furniture/product visualization and animation, so flexible production help could be useful across several project types","https://www.amasow.com/","info@amasow.com","","High","https://www.amasow.com/services","Portfolio + a small trial task for A.MASOW","Hi A.MASOW team,

My name is [name], and I’m building relationships with studios and independent artists whose work I could support when deadlines or project volume increase. I chose to write to A.MASOW because your small studio spans architecture, interiors, furniture/product visualization and animation, so flexible production help could be useful across several project types.

I can start with a narrow assignment—such as preparing an exterior/interior scene, matching a reference, refining materials/lighting, or taking a render through revisions—so you can judge quality and reliability directly.

I’d be happy to complete a small trial task first so there is no need to make a hiring decision upfront. My portfolio is [portfolio]. If you have a scene, image or production task that could be delegated, I’d be glad to take it on and work to your feedback.

Best,
[name]"
"51","A","Arch Visual Studio","United States","USA","Houston / Katy","Small studio (2–10)","Exterior/interior renderings, animation, 360 tours and floor plans","your compact studio handles both stills and interactive deliverables, so I would be interested in helping with overflow modeling, scene setup or final rendering","https://archvisual.studio/","hello@archvisual.studio","@archvisualstudios","High","https://archvisual.studio/","Freelance archviz support — Arch Visual Studio","Hi Arch Visual Studio team,

I’m [name], a 3D artist focused on architectural visualization, especially exterior/interior imagery and 3ds Max-based workflows. I’m reaching out because your compact studio handles both stills and interactive deliverables, so I would be interested in helping with overflow modeling, scene setup or final rendering.

If you ever need extra capacity, I can take on a self-contained part of a exterior/interior renderings, animation, 360 tours and floor plans project and work to your references, naming conventions and feedback process.

I’d be happy to complete a small trial task first so there is no need to make a hiring decision upfront. My portfolio is [portfolio]. If you have a scene, image or production task that could be delegated, I’d be glad to take it on and work to your feedback.

Best regards,
[name]"
"52","A","Arktek 3D","United States","USA","Houston / Florida","Visualization studio","Architecture CGI, interior/exterior, animation, CAD, AR/VR and product rendering","your workflow explicitly includes 3ds Max, V-Ray and Photoshop across architectural and product work, so the technical overlap is strong","https://arktek3d.com/","info@arktek3d.com","@arktek3D","High","https://arktek3d.com/contact-us/","Could I help with overflow 3D work at Arktek 3D?","Hi Arktek 3D team,

My name is [name]. I work in architectural visualization with a focus on exterior and interior scenes and 3ds Max production. I wanted to contact you specifically because your workflow explicitly includes 3ds Max, V-Ray and Photoshop across architectural and product work, so the technical overlap is strong.

My goal is to become the kind of external artist you can delegate a specific scene or image to when your internal team is busy, while keeping your creative direction and workflow intact.

I’d be happy to begin with one small trial or overflow assignment so you can assess my speed, scene organization, responsiveness to feedback and final visual quality before considering anything larger. You can see my work at [portfolio]. If there is a suitable task, I’d be grateful for the chance to try it.

Thanks for taking a look,
[name]"
"53","A","Kilograph","United States","USA","Los Angeles","Visualization/creative studio","Architectural visualization, film, branding and interactive experiences","your work combines architectural CGI with film and interactive experiences, and I would be interested in supporting the core 3D production behind those larger creative packages","https://kilograph.com/","info@kilograph.com","","High","https://kilograph.com/work","Architectural visualization collaboration with Kilograph","Hi Kilograph team,

I’m [name], and I’m looking to contribute to strong architectural visualization teams on a project or trial basis. Kilograph stood out to me because your work combines architectural CGI with film and interactive experiences, and I would be interested in supporting the core 3D production behind those larger creative packages.

I’d be glad to help with a clearly defined part of your architectural visualization, film, branding and interactive experiences pipeline—modeling, scene setup, materials, lighting, camera work, rendering or revisions—depending on what is most useful to you.

I’d be happy to begin with one small trial or overflow assignment so you can assess my speed, scene organization, responsiveness to feedback and final visual quality before considering anything larger. You can see my work at [portfolio]. If there is a suitable task, I’d be grateful for the chance to try it.

Thanks — I’d be glad to hear what would be most useful to test.
[name]"
"54","A","Alden Studios","United States","USA / UAE / China","New York / Abu Dhabi / Hong Kong","Studio (10–20)","Visualization, modeling and drafting","your studio combines visualization with modeling and drafting and has an 'Interested in Joining?' route, which makes a practical skills test a sensible introduction","https://www.aldenstudios.com/","info@aldenstudios.com","","High","https://www.aldenstudios.com/","3ds Max / archviz production support for Alden Studios","Hi Alden Studios team,

I’m [name], a 3D visualization artist working with architectural exteriors, interiors and 3ds Max-based scenes. Rather than sending a generic application, I’m writing because your studio combines visualization with modeling and drafting and has an 'Interested in Joining?' route, which makes a practical skills test a sensible introduction.

I’m not asking you to commit to a full role. I’d prefer to prove fit through a small real production task related to visualization, modeling and drafting, with clear inputs, deadline and review criteria.

If it is useful, I’d be happy to complete a small, clearly scoped test assignment; I’m also open to an unpaid test if that is your normal evaluation process. My portfolio is here: [portfolio]. If my work looks relevant, please send me a task or tell me what you would want to test first.

Thank you for your time,
[name]"
"55","A","Brooklyn Digital Foundry","United States","USA","New York","Digital/visualization studio","3D visualization, environmental simulation and digital production","you maintain a dedicated careers contact and work in 3D visualization and environmental simulation, so I would value the chance to demonstrate my production skills on a small task","https://brooklynfoundry.com/","careers@brooklynfoundry.com","","High","https://brooklynfoundry.com/","3D visualization support for Brooklyn Digital Foundry","Hi Brooklyn Digital Foundry team,

My name is [name], and I’m building relationships with studios and independent artists whose work I could support when deadlines or project volume increase. I chose to write to Brooklyn Digital Foundry because you maintain a dedicated careers contact and work in 3D visualization and environmental simulation, so I would value the chance to demonstrate my production skills on a small task.

I can start with a narrow assignment—such as preparing an exterior/interior scene, matching a reference, refining materials/lighting, or taking a render through revisions—so you can judge quality and reliability directly.

If it is useful, I’d be happy to complete a small, clearly scoped test assignment; I’m also open to an unpaid test if that is your normal evaluation process. My portfolio is here: [portfolio]. If my work looks relevant, please send me a task or tell me what you would want to test first.

Best,
[name]"
"56","A","VNOOX Studio","United States","USA / Argentina","Miami / Buenos Aires","Architectural visualization studio","Still images, CGI animation, film and virtual reality","your studio brings together architects, artists and filmmakers and produces both stills and cinematic CGI, so I would be happy to support the 3D-heavy parts of that workflow","https://vnoox.com/","info@vnoox.com","","High","https://vnoox.com/about-us/","Portfolio + a small trial task for VNOOX Studio","Hi VNOOX Studio team,

I’m [name], a 3D artist focused on architectural visualization, especially exterior/interior imagery and 3ds Max-based workflows. I’m reaching out because your studio brings together architects, artists and filmmakers and produces both stills and cinematic CGI, so I would be happy to support the 3D-heavy parts of that workflow.

If you ever need extra capacity, I can take on a self-contained part of a still images, cgi animation, film and virtual reality project and work to your references, naming conventions and feedback process.

I’d be happy to begin with one small trial or overflow assignment so you can assess my speed, scene organization, responsiveness to feedback and final visual quality before considering anything larger. You can see my work at [portfolio]. If there is a suitable task, I’d be grateful for the chance to try it.

Best regards,
[name]"
"57","A","Estudio Nod","United States","USA / Argentina","Miami","Studio (10–20)","Still images, animation, motion graphics and immersive VR","you explicitly offer everything from hourly consultancy to management of visualization workflows, which suggests a flexible approach to resourcing and collaboration","https://www.estudionod.com/","hello@estudionod.com","","High","https://www.estudionod.com/","Freelance archviz support — Estudio Nod","Hi Estudio Nod team,

My name is [name]. I work in architectural visualization with a focus on exterior and interior scenes and 3ds Max production. I wanted to contact you specifically because you explicitly offer everything from hourly consultancy to management of visualization workflows, which suggests a flexible approach to resourcing and collaboration.

My goal is to become the kind of external artist you can delegate a specific scene or image to when your internal team is busy, while keeping your creative direction and workflow intact.

I’d be happy to begin with one small trial or overflow assignment so you can assess my speed, scene organization, responsiveness to feedback and final visual quality before considering anything larger. You can see my work at [portfolio]. If there is a suitable task, I’d be grateful for the chance to try it.

Thanks for taking a look,
[name]"
"58","A","AGAV Studio","United States","USA / Spain / Argentina","Albuquerque / Barcelona / Buenos Aires","Small studio (1–10)","High-end photoreal architectural rendering","your recent communication emphasizes precise, real-world materials and product models in photoreal architectural imagery, which aligns well with detail-oriented production support","https://agavstudio.com/","contact@agavstudio.com","","High","https://www.linkedin.com/company/agav-studio/","Could I help with overflow 3D work at AGAV Studio?","Hi AGAV Studio team,

I’m [name], and I’m looking to contribute to strong architectural visualization teams on a project or trial basis. AGAV Studio stood out to me because your recent communication emphasizes precise, real-world materials and product models in photoreal architectural imagery, which aligns well with detail-oriented production support.

I’d be glad to help with a clearly defined part of your high-end photoreal architectural rendering pipeline—modeling, scene setup, materials, lighting, camera work, rendering or revisions—depending on what is most useful to you.

I’d be happy to complete a small trial task first so there is no need to make a hiring decision upfront. My portfolio is [portfolio]. If you have a scene, image or production task that could be delegated, I’d be glad to take it on and work to your feedback.

Thanks — I’d be glad to hear what would be most useful to test.
[name]"
"59","A","Viewpoint Studios","United States","USA","Atlanta / New York","Visualization/animation studio","Architectural visualization, CG animation, VFX and VR","your studio combines architectural visualization with CG animation, VFX and VR, giving an extra 3D artist several ways to contribute to production","https://viewpointstudios.co/","contact@viewpointstudios.co","","High","https://viewpointstudios.co/contact/","Architectural visualization collaboration with Viewpoint Studios","Hi Viewpoint Studios team,

I’m [name], a 3D visualization artist working with architectural exteriors, interiors and 3ds Max-based scenes. Rather than sending a generic application, I’m writing because your studio combines architectural visualization with CG animation, VFX and VR, giving an extra 3D artist several ways to contribute to production.

I’m not asking you to commit to a full role. I’d prefer to prove fit through a small real production task related to architectural visualization, cg animation, vfx and vr, with clear inputs, deadline and review criteria.

I’d be happy to begin with one small trial or overflow assignment so you can assess my speed, scene organization, responsiveness to feedback and final visual quality before considering anything larger. You can see my work at [portfolio]. If there is a suitable task, I’d be grateful for the chance to try it.

Thank you for your time,
[name]"
"60","A","AIR Design Lab","United States","USA / Canada","North America","Design/CGI studio","Interior design, creative direction and CGI visualization","your CGI portfolio is integrated directly with interior design and creative direction, so I would be interested in helping turn approved design concepts into polished 3D imagery","https://www.airdesignlab.com/","info@airdesignlab.com","","High","https://www.airdesignlab.com/","3ds Max / archviz production support for AIR Design Lab","Hi AIR Design Lab team,

My name is [name], and I’m building relationships with studios and independent artists whose work I could support when deadlines or project volume increase. I chose to write to AIR Design Lab because your CGI portfolio is integrated directly with interior design and creative direction, so I would be interested in helping turn approved design concepts into polished 3D imagery.

I can start with a narrow assignment—such as preparing an exterior/interior scene, matching a reference, refining materials/lighting, or taking a render through revisions—so you can judge quality and reliability directly.

I’d be happy to begin with one small trial or overflow assignment so you can assess my speed, scene organization, responsiveness to feedback and final visual quality before considering anything larger. You can see my work at [portfolio]. If there is a suitable task, I’d be grateful for the chance to try it.

Best,
[name]"
"61","B","2MB Studio","Europe","Germany","Berlin","Studio (10–20)","High-end architectural visualization, animation and digital experiences","your in-house team delivers high-end renders, animation and web experiences, and I would be interested in providing extra capacity on the 3D production side when schedules tighten","https://www.2mb.studio/","info@2mb.studio","","High","https://www.2mb.studio/get-in-touch/","3D visualization support for 2MB Studio","Hi 2MB Studio team,

I’m [name], a 3D artist focused on architectural visualization, especially exterior/interior imagery and 3ds Max-based workflows. I’m reaching out because your in-house team delivers high-end renders, animation and web experiences, and I would be interested in providing extra capacity on the 3D production side when schedules tighten.

If you ever need extra capacity, I can take on a self-contained part of a high-end architectural visualization, animation and digital experiences project and work to your references, naming conventions and feedback process.

I’d be happy to begin with one small trial or overflow assignment so you can assess my speed, scene organization, responsiveness to feedback and final visual quality before considering anything larger. You can see my work at [portfolio]. If there is a suitable task, I’d be grateful for the chance to try it.

Best regards,
[name]"
"62","B","3D VIZUAL","Europe","Denmark","Copenhagen","Small studio (1–10)","3D visualization for architecture, real estate, interiors and products","your small Copenhagen practice spans architecture, real-estate marketing, interiors and product visualization and invites résumé submissions","https://3d-vizual.dk/","mail@3d-vizual.dk","","High","https://3d-vizual.dk/","Portfolio + a small trial task for 3D VIZUAL","Hi 3D VIZUAL team,

My name is [name]. I work in architectural visualization with a focus on exterior and interior scenes and 3ds Max production. I wanted to contact you specifically because your small Copenhagen practice spans architecture, real-estate marketing, interiors and product visualization and invites résumé submissions.

My goal is to become the kind of external artist you can delegate a specific scene or image to when your internal team is busy, while keeping your creative direction and workflow intact.

If it is useful, I’d be happy to complete a small, clearly scoped test assignment; I’m also open to an unpaid test if that is your normal evaluation process. My portfolio is here: [portfolio]. If my work looks relevant, please send me a task or tell me what you would want to test first.

Thanks for taking a look,
[name]"
"63","B","ArcMedia","Europe","UK","London / Poulton","Small studio (1–10)","Architectural CGI, interiors, superyachts and virtual tours","your work ranges from architecture and interiors to virtual tours, so I would be interested in taking on self-contained modeling or rendering tasks when project volume spikes","https://www.arc-media.co.uk/","info@arc-media.co.uk","","High","https://www.arc-media.co.uk/","Freelance archviz support — ArcMedia","Hi ArcMedia team,

I’m [name], and I’m looking to contribute to strong architectural visualization teams on a project or trial basis. ArcMedia stood out to me because your work ranges from architecture and interiors to virtual tours, so I would be interested in taking on self-contained modeling or rendering tasks when project volume spikes.

I’d be glad to help with a clearly defined part of your architectural cgi, interiors, superyachts and virtual tours pipeline—modeling, scene setup, materials, lighting, camera work, rendering or revisions—depending on what is most useful to you.

I’d be happy to complete a small trial task first so there is no need to make a hiring decision upfront. My portfolio is [portfolio]. If you have a scene, image or production task that could be delegated, I’d be glad to take it on and work to your feedback.

Thanks — I’d be glad to hear what would be most useful to test.
[name]"
"64","B","Arqui9","Europe","UK","Reigate","Studio (10–20)","Architectural visualization, film, animation and CGI","your combination of architecture, film and CGI is highly aligned with the kind of visual production I want to support, particularly exterior/interior scene work","https://www.arqui9.com/","info@arqui9.com","","High","https://www.arqui9.com/","Could I help with overflow 3D work at Arqui9?","Hi Arqui9 team,

I’m [name], a 3D visualization artist working with architectural exteriors, interiors and 3ds Max-based scenes. Rather than sending a generic application, I’m writing because your combination of architecture, film and CGI is highly aligned with the kind of visual production I want to support, particularly exterior/interior scene work.

I’m not asking you to commit to a full role. I’d prefer to prove fit through a small real production task related to architectural visualization, film, animation and cgi, with clear inputs, deadline and review criteria.

I’d be happy to begin with one small trial or overflow assignment so you can assess my speed, scene organization, responsiveness to feedback and final visual quality before considering anything larger. You can see my work at [portfolio]. If there is a suitable task, I’d be grateful for the chance to try it.

Thank you for your time,
[name]"
"65","B","Archviz Mallorca","Europe","Spain","Palma de Mallorca","Small studio (1–10)","Architectural CGI, animation, photography and visual communication","your small Palma studio combines architecture, photography and 3D, which makes a flexible artist who can handle a bounded visualization task a potentially useful resource","https://www.archvizmallorca.com/","archvizmallorca@gmail.com","@archvizmallorca","High","https://www.archvizmallorca.com/","Architectural visualization collaboration with Archviz Mallorca","Hi Archviz Mallorca team,

My name is [name], and I’m building relationships with studios and independent artists whose work I could support when deadlines or project volume increase. I chose to write to Archviz Mallorca because your small Palma studio combines architecture, photography and 3D, which makes a flexible artist who can handle a bounded visualization task a potentially useful resource.

I can start with a narrow assignment—such as preparing an exterior/interior scene, matching a reference, refining materials/lighting, or taking a render through revisions—so you can judge quality and reliability directly.

I’d be happy to complete a small trial task first so there is no need to make a hiring decision upfront. My portfolio is [portfolio]. If you have a scene, image or production task that could be delegated, I’d be glad to take it on and work to your feedback.

Best,
[name]"
"66","B","Aron Lorincz Ateliers","Europe","Hungary","Budapest","Small studio (1–10)","Architectural imagery, film and competition visualization","your boutique atelier produces a high volume of architectural imagery while retaining an authored visual style, so dependable production support could be useful behind the scenes","https://aronlorincz.com/","office@aronlorincz.com","@aron_lorincz_ateliers","High","https://aronlorincz.com/","3ds Max / archviz production support for Aron Lorincz Ateliers","Hi Aron Lorincz Ateliers team,

I’m [name], a 3D artist focused on architectural visualization, especially exterior/interior imagery and 3ds Max-based workflows. I’m reaching out because your boutique atelier produces a high volume of architectural imagery while retaining an authored visual style, so dependable production support could be useful behind the scenes.

If you ever need extra capacity, I can take on a self-contained part of a architectural imagery, film and competition visualization project and work to your references, naming conventions and feedback process.

I’d be happy to complete a small trial task first so there is no need to make a hiring decision upfront. My portfolio is [portfolio]. If you have a scene, image or production task that could be delegated, I’d be glad to take it on and work to your feedback.

Best regards,
[name]"
"67","B","AIVA Images","Europe","Portugal","Lisbon","Small studio (1–10)","Atmospheric CGI of unbuilt architecture","your founder-led Lisbon practice focuses on atmospheric representations of unbuilt space, and I would be interested in supporting scene production while respecting that visual direction","https://www.aivaimages.com/","info@aivaimages.com","@aiva_images","High","https://www.aivaimages.com/87b4d62d54-content","3D visualization support for AIVA Images","Hi AIVA Images team,

My name is [name]. I work in architectural visualization with a focus on exterior and interior scenes and 3ds Max production. I wanted to contact you specifically because your founder-led Lisbon practice focuses on atmospheric representations of unbuilt space, and I would be interested in supporting scene production while respecting that visual direction.

My goal is to become the kind of external artist you can delegate a specific scene or image to when your internal team is busy, while keeping your creative direction and workflow intact.

I’d be happy to complete a small trial task first so there is no need to make a hiring decision upfront. My portfolio is [portfolio]. If you have a scene, image or production task that could be delegated, I’d be glad to take it on and work to your feedback.

Thanks for taking a look,
[name]"
"68","B","Andreu Cabot","Europe","Spain","Barcelona","Independent/founder-led studio","Architectural infographics, interiors/exteriors and 360 visualization","your work spans interior and exterior CGI and 360 imagery, and your background with 3ds Max makes my proposed support especially easy to evaluate technically","https://www.andreucabot.com/","info@andreucabot.com","","High","https://www.andreucabot.com/en/contact/","Portfolio + a small trial task for Andreu Cabot","Hi Andreu,

I’m [name], and I’m looking to contribute to strong architectural visualization teams on a project or trial basis. Andreu Cabot stood out to me because your work spans interior and exterior CGI and 360 imagery, and your background with 3ds Max makes my proposed support especially easy to evaluate technically.

I’d be glad to help with a clearly defined part of your architectural infographics, interiors/exteriors and 360 visualization pipeline—modeling, scene setup, materials, lighting, camera work, rendering or revisions—depending on what is most useful to you.

If you ever have overflow work you would rather delegate than turn down or rush, I’d be happy to do a small test first so you can judge whether my files, communication and visual quality fit your workflow. Portfolio: [portfolio]. Even a single bounded scene or image would be enough to start.

Thanks — I’d be glad to hear what would be most useful to test.
[name]"
"69","B","Ángel Pérez Studio","Europe","Spain","Barcelona / Valencia","Independent/founder-led studio","Architecture, interior and product visualization","your independent practice works across architecture, interiors and products with a strong emphasis on lighting, so I am approaching you as potential overflow support rather than with a generic job application","https://angelperez.studio/","info@angelperez.studio","","High","https://angelperez.studio/about","Freelance archviz support — Ángel Pérez Studio","Hi Ángel,

I’m [name], a 3D visualization artist working with architectural exteriors, interiors and 3ds Max-based scenes. Rather than sending a generic application, I’m writing because your independent practice works across architecture, interiors and products with a strong emphasis on lighting, so I am approaching you as potential overflow support rather than with a generic job application.

I’m not asking you to commit to a full role. I’d prefer to prove fit through a small real production task related to architecture, interior and product visualization, with clear inputs, deadline and review criteria.

If you ever have overflow work you would rather delegate than turn down or rush, I’d be happy to do a small test first so you can judge whether my files, communication and visual quality fit your workflow. Portfolio: [portfolio]. Even a single bounded scene or image would be enough to start.

Thank you for your time,
[name]"
"70","B","AsymmetricA","Europe","UK","London","Small studio (1–10)","Architectural rendering, film, animation, 360/VR and cinemagraphs","your small studio produces stills, films, 360/VR and cinemagraphs, so there is a clear opportunity to delegate self-contained 3D tasks within a larger delivery","https://asymmetrica.co.uk/","enquiries@asymmetrica.co.uk","","High","https://asymmetrica.co.uk/","Could I help with overflow 3D work at AsymmetricA?","Hi AsymmetricA team,

My name is [name], and I’m building relationships with studios and independent artists whose work I could support when deadlines or project volume increase. I chose to write to AsymmetricA because your small studio produces stills, films, 360/VR and cinemagraphs, so there is a clear opportunity to delegate self-contained 3D tasks within a larger delivery.

I can start with a narrow assignment—such as preparing an exterior/interior scene, matching a reference, refining materials/lighting, or taking a render through revisions—so you can judge quality and reliability directly.

I’d be happy to complete a small trial task first so there is no need to make a hiring decision upfront. My portfolio is [portfolio]. If you have a scene, image or production task that could be delegated, I’d be glad to take it on and work to your feedback.

Best,
[name]"
"71","B","Plasteline Studio","Europe","Spain","Barcelona","Small studio (2–10)","Architectural exterior/aerial visualization and animation","your small team works with 3ds Max and Corona/Twinmotion across exterior, aerial and animation work, giving us a strong workflow overlap","https://www.plasteline-studio.com/","info.plasteline.studio@gmail.com","","High","https://www.plasteline-studio.com/","Architectural visualization collaboration with Plasteline Studio","Hi Plasteline Studio team,

I’m [name], a 3D artist focused on architectural visualization, especially exterior/interior imagery and 3ds Max-based workflows. I’m reaching out because your small team works with 3ds Max and Corona/Twinmotion across exterior, aerial and animation work, giving us a strong workflow overlap.

If you ever need extra capacity, I can take on a self-contained part of a architectural exterior/aerial visualization and animation project and work to your references, naming conventions and feedback process.

I’d be happy to complete a small trial task first so there is no need to make a hiring decision upfront. My portfolio is [portfolio]. If you have a scene, image or production task that could be delegated, I’d be glad to take it on and work to your feedback.

Best regards,
[name]"
"72","B","Collaba Visual","Europe","Ukraine / Netherlands","Kyiv / Amsterdam","Independent visualization practice","Architectural imagery and cinematic storytelling","your practice combines architecture with cinematic storytelling and works across Kyiv and Amsterdam, so remote project support seems compatible with how you already collaborate","https://collabavisual.com/","collabavisual@gmail.com","","High","https://collabavisual.com/","3ds Max / archviz production support for Collaba Visual","Hi Collaba Visual team,

My name is [name]. I work in architectural visualization with a focus on exterior and interior scenes and 3ds Max production. I wanted to contact you specifically because your practice combines architecture with cinematic storytelling and works across Kyiv and Amsterdam, so remote project support seems compatible with how you already collaborate.

My goal is to become the kind of external artist you can delegate a specific scene or image to when your internal team is busy, while keeping your creative direction and workflow intact.

I’d be happy to begin with one small trial or overflow assignment so you can assess my speed, scene organization, responsiveness to feedback and final visual quality before considering anything larger. You can see my work at [portfolio]. If there is a suitable task, I’d be grateful for the chance to try it.

Thanks for taking a look,
[name]"
"73","B","Studio Archviz","Europe","UK","Bournemouth","Small studio","Architectural CGI for developers, hospitality and interior projects","your studio serves developers and hospitality/interior projects, where repeatable scene production and fast revisions often create useful overflow tasks","https://studioarchviz.com/","studio@studioarchviz.com","","High","https://studioarchviz.com/","3D visualization support for Studio Archviz","Hi Studio Archviz team,

I’m [name], and I’m looking to contribute to strong architectural visualization teams on a project or trial basis. Studio Archviz stood out to me because your studio serves developers and hospitality/interior projects, where repeatable scene production and fast revisions often create useful overflow tasks.

I’d be glad to help with a clearly defined part of your architectural cgi for developers, hospitality and interior projects pipeline—modeling, scene setup, materials, lighting, camera work, rendering or revisions—depending on what is most useful to you.

I’d be happy to complete a small trial task first so there is no need to make a hiring decision upfront. My portfolio is [portfolio]. If you have a scene, image or production task that could be delegated, I’d be glad to take it on and work to your feedback.

Thanks — I’d be glad to hear what would be most useful to test.
[name]"
"74","B","Bronxes Studio","Europe","Greece","Athens","Small dedicated team","High-end architecture, interior and product visualization","your small dedicated team works across architecture, interiors and product visualization, so I would like to offer dependable support for modeling, look-dev or rendering when needed","https://www.bronxesstudio.com/","hello@bronxesstudio.com","","High","https://www.bronxesstudio.com/","Portfolio + a small trial task for Bronxes Studio","Hi Bronxes Studio team,

I’m [name], a 3D visualization artist working with architectural exteriors, interiors and 3ds Max-based scenes. Rather than sending a generic application, I’m writing because your small dedicated team works across architecture, interiors and product visualization, so I would like to offer dependable support for modeling, look-dev or rendering when needed.

I’m not asking you to commit to a full role. I’d prefer to prove fit through a small real production task related to high-end architecture, interior and product visualization, with clear inputs, deadline and review criteria.

I’d be happy to complete a small trial task first so there is no need to make a hiring decision upfront. My portfolio is [portfolio]. If you have a scene, image or production task that could be delegated, I’d be glad to take it on and work to your feedback.

Thank you for your time,
[name]"
"75","B","GAMMA Image","Europe","France","Paris / Vannes","Small visualization agency","Architectural 3D imagery and film","your studio was founded by architects and works on both still images and film, so I would be comfortable taking direction from an architectural brief and handling a defined 3D task","https://www.gamma-image.com/","contact@gamma-image.com","","High","https://www.gamma-image.com/contact","Freelance archviz support — GAMMA Image","Hi GAMMA Image team,

My name is [name], and I’m building relationships with studios and independent artists whose work I could support when deadlines or project volume increase. I chose to write to GAMMA Image because your studio was founded by architects and works on both still images and film, so I would be comfortable taking direction from an architectural brief and handling a defined 3D task.

I can start with a narrow assignment—such as preparing an exterior/interior scene, matching a reference, refining materials/lighting, or taking a render through revisions—so you can judge quality and reliability directly.

I’d be happy to complete a small trial task first so there is no need to make a hiring decision upfront. My portfolio is [portfolio]. If you have a scene, image or production task that could be delegated, I’d be glad to take it on and work to your feedback.

Best,
[name]"
"76","B","Galerie Blanche","Europe","France","Paris","Architectural visualization studio","Exterior/interior imagery, aerials, animation and competitions","your mix of competition imagery, exteriors, interiors and animation creates exactly the kind of variable workload where a trial project can show whether I fit your production standards","https://galerieblanche.fr/","job@galerieblanche.fr","","High","https://galerieblanche.fr/a-propos/","Could I help with overflow 3D work at Galerie Blanche?","Hi Galerie Blanche team,

I’m [name], a 3D artist focused on architectural visualization, especially exterior/interior imagery and 3ds Max-based workflows. I’m reaching out because your mix of competition imagery, exteriors, interiors and animation creates exactly the kind of variable workload where a trial project can show whether I fit your production standards.

If you ever need extra capacity, I can take on a self-contained part of a exterior/interior imagery, aerials, animation and competitions project and work to your references, naming conventions and feedback process.

If it is useful, I’d be happy to complete a small, clearly scoped test assignment; I’m also open to an unpaid test if that is your normal evaluation process. My portfolio is here: [portfolio]. If my work looks relevant, please send me a task or tell me what you would want to test first.

Best regards,
[name]"
"77","B","Gabriel Fabra Pérez","Europe","Spain","Valencia","Independent architect / visualizer","Architectural visualization and concept imagery","you work independently at the intersection of architecture and visualization, so I am reaching out in case you ever want to hand off modeling, scene preparation or rendering on a deadline","https://www.behance.net/gfabra1","gfabra1@gmail.com","","High","https://www.behance.net/gfabra1","Architectural visualization collaboration with Gabriel Fabra Pérez","Hi Gabriel,

My name is [name]. I work in architectural visualization with a focus on exterior and interior scenes and 3ds Max production. I wanted to contact you specifically because you work independently at the intersection of architecture and visualization, so I am reaching out in case you ever want to hand off modeling, scene preparation or rendering on a deadline.

My goal is to become the kind of external artist you can delegate a specific scene or image to when your internal team is busy, while keeping your creative direction and workflow intact.

If you ever have overflow work you would rather delegate than turn down or rush, I’d be happy to do a small test first so you can judge whether my files, communication and visual quality fit your workflow. Portfolio: [portfolio]. Even a single bounded scene or image would be enough to start.

Thanks for taking a look,
[name]"
"78","B","F10 Studios","Europe","UK","Brighton","Visualization studio","Architectural CGI, still/moving/interactive visual storytelling","your studio describes its work as visual storytelling across still, moving and interactive formats, and I would be interested in supporting the underlying architectural 3D production","https://f10studios.co.uk/","hello@f10studios.co.uk","","High","https://f10studios.co.uk/","3ds Max / archviz production support for F10 Studios","Hi F10 Studios team,

I’m [name], and I’m looking to contribute to strong architectural visualization teams on a project or trial basis. F10 Studios stood out to me because your studio describes its work as visual storytelling across still, moving and interactive formats, and I would be interested in supporting the underlying architectural 3D production.

I’d be glad to help with a clearly defined part of your architectural cgi, still/moving/interactive visual storytelling pipeline—modeling, scene setup, materials, lighting, camera work, rendering or revisions—depending on what is most useful to you.

I’d be happy to begin with one small trial or overflow assignment so you can assess my speed, scene organization, responsiveness to feedback and final visual quality before considering anything larger. You can see my work at [portfolio]. If there is a suitable task, I’d be grateful for the chance to try it.

Thanks — I’d be glad to hear what would be most useful to test.
[name]"
"79","B","HIDO","Europe","Italy","Italy","Small studio (1–10)","Visualization for architecture, products and real estate","your small practice serves architecture, product and real-estate clients, which makes a flexible artist useful when several image sets need to move in parallel","https://hidovisual.com/","hidovisual@gmail.com","","High","https://hidovisual.com/","3D visualization support for HIDO","Hi HIDO team,

I’m [name], a 3D visualization artist working with architectural exteriors, interiors and 3ds Max-based scenes. Rather than sending a generic application, I’m writing because your small practice serves architecture, product and real-estate clients, which makes a flexible artist useful when several image sets need to move in parallel.

I’m not asking you to commit to a full role. I’d prefer to prove fit through a small real production task related to visualization for architecture, products and real estate, with clear inputs, deadline and review criteria.

I’d be happy to complete a small trial task first so there is no need to make a hiring decision upfront. My portfolio is [portfolio]. If you have a scene, image or production task that could be delegated, I’d be glad to take it on and work to your feedback.

Thank you for your time,
[name]"
"80","B","évoque lab","Europe","Italy","Milan","Small visualization/design studio","Architectural stills, animation, VR and product visualization","your team combines architects and 3D designers across still images, animation, VR and products, and your public profiles direct job inquiries to the studio email","https://www.evoquelab.com/","info@evoquelab.com","","High","https://www.evoquelab.com/","Portfolio + a small trial task for évoque lab","Hi évoque lab team,

My name is [name], and I’m building relationships with studios and independent artists whose work I could support when deadlines or project volume increase. I chose to write to évoque lab because your team combines architects and 3D designers across still images, animation, VR and products, and your public profiles direct job inquiries to the studio email.

I can start with a narrow assignment—such as preparing an exterior/interior scene, matching a reference, refining materials/lighting, or taking a render through revisions—so you can judge quality and reliability directly.

If it is useful, I’d be happy to complete a small, clearly scoped test assignment; I’m also open to an unpaid test if that is your normal evaluation process. My portfolio is here: [portfolio]. If my work looks relevant, please send me a task or tell me what you would want to test first.

Best,
[name]"
"81","B","Honk Studio","Europe","Poland","Warsaw","Small visualization studio","3D visualization, architecture, animation, VR and web","your small Warsaw team works across architectural CGI, animation, VR and web, so I would be happy to prove myself first on a narrow production task","https://honk-studio.com/","contact@honk-studio.com","","High","https://honk-studio.com/","Freelance archviz support — Honk Studio","Hi Honk Studio team,

I’m [name], a 3D artist focused on architectural visualization, especially exterior/interior imagery and 3ds Max-based workflows. I’m reaching out because your small Warsaw team works across architectural CGI, animation, VR and web, so I would be happy to prove myself first on a narrow production task.

If you ever need extra capacity, I can take on a self-contained part of a 3d visualization, architecture, animation, vr and web project and work to your references, naming conventions and feedback process.

I’d be happy to complete a small trial task first so there is no need to make a hiring decision upfront. My portfolio is [portfolio]. If you have a scene, image or production task that could be delegated, I’d be glad to take it on and work to your feedback.

Best regards,
[name]"
"82","B","INCEPT Visuals","Europe","Bulgaria","Sofia","Small studio (1–10)","Architectural stills, animations, VR and product visualization","your service range includes photoreal and concept-driven architectural imagery plus animation and VR, so extra 3D production capacity could plug into several kinds of jobs","https://www.incept.bg/","office@inceptbg.com","","High","https://www.incept.bg/","Could I help with overflow 3D work at INCEPT Visuals?","Hi INCEPT team,

My name is [name]. I work in architectural visualization with a focus on exterior and interior scenes and 3ds Max production. I wanted to contact you specifically because your service range includes photoreal and concept-driven architectural imagery plus animation and VR, so extra 3D production capacity could plug into several kinds of jobs.

My goal is to become the kind of external artist you can delegate a specific scene or image to when your internal team is busy, while keeping your creative direction and workflow intact.

I’d be happy to complete a small trial task first so there is no need to make a hiring decision upfront. My portfolio is [portfolio]. If you have a scene, image or production task that could be delegated, I’d be glad to take it on and work to your feedback.

Thanks for taking a look,
[name]"
"83","B","JIGEN Interactive Studio","Europe","France","Paris","Small studio (1–10)","Architectural stills, animation, AR/VR and interactive applications","your independent Paris studio extends architectural visualization into AR/VR and applications, and I would be interested in contributing to the high-quality 3D assets those experiences depend on","https://www.jigen.fr/","info@jigen.fr","","High","https://www.jigen.fr/","Architectural visualization collaboration with JIGEN Interactive Studio","Hi JIGEN team,

I’m [name], and I’m looking to contribute to strong architectural visualization teams on a project or trial basis. JIGEN Interactive Studio stood out to me because your independent Paris studio extends architectural visualization into AR/VR and applications, and I would be interested in contributing to the high-quality 3D assets those experiences depend on.

I’d be glad to help with a clearly defined part of your architectural stills, animation, ar/vr and interactive applications pipeline—modeling, scene setup, materials, lighting, camera work, rendering or revisions—depending on what is most useful to you.

I’d be happy to begin with one small trial or overflow assignment so you can assess my speed, scene organization, responsiveness to feedback and final visual quality before considering anything larger. You can see my work at [portfolio]. If there is a suitable task, I’d be grateful for the chance to try it.

Thanks — I’d be glad to hear what would be most useful to test.
[name]"
"84","B","In Extenso Studio","Europe","France","Bordeaux","Founder-led small studio","Competition imagery, exteriors/interiors, animation and 360","your founder-led studio covers competition images, exteriors, interiors, animation and 360 work, so I would like to offer myself as flexible support on the more production-intensive stages","https://www.inextenso.studio/","ndezes@inextenso.studio","","High","https://www.inextenso.studio/","3ds Max / archviz production support for In Extenso Studio","Hi Nicolas,

I’m [name], a 3D visualization artist working with architectural exteriors, interiors and 3ds Max-based scenes. Rather than sending a generic application, I’m writing because your founder-led studio covers competition images, exteriors, interiors, animation and 360 work, so I would like to offer myself as flexible support on the more production-intensive stages.

I’m not asking you to commit to a full role. I’d prefer to prove fit through a small real production task related to competition imagery, exteriors/interiors, animation and 360, with clear inputs, deadline and review criteria.

If you ever have overflow work you would rather delegate than turn down or rush, I’d be happy to do a small test first so you can judge whether my files, communication and visual quality fit your workflow. Portfolio: [portfolio]. Even a single bounded scene or image would be enough to start.

Thank you for your time,
[name]"
"85","B","Jonas Bloch","Europe","Germany","Munich","Independent visualizer / photographer","Architectural visualization and photography","you work independently across architectural visualization and photography, so I am contacting you as another production resource you could call on when a visualization deadline exceeds your available bandwidth","https://jonasbloch.de/","mail@jonasbloch.de","","High","https://jonasbloch.de/","3D visualization support for Jonas Bloch","Hi Jonas,

My name is [name], and I’m building relationships with studios and independent artists whose work I could support when deadlines or project volume increase. I chose to write to Jonas Bloch because you work independently across architectural visualization and photography, so I am contacting you as another production resource you could call on when a visualization deadline exceeds your available bandwidth.

I can start with a narrow assignment—such as preparing an exterior/interior scene, matching a reference, refining materials/lighting, or taking a render through revisions—so you can judge quality and reliability directly.

If you ever have overflow work you would rather delegate than turn down or rush, I’d be happy to do a small test first so you can judge whether my files, communication and visual quality fit your workflow. Portfolio: [portfolio]. Even a single bounded scene or image would be enough to start.

Best,
[name]"
"86","B","Imperfct*","Europe","Italy","Rome","Small studio (1–10)","Architecture/product visualization using 3ds Max, Corona/V-Ray and Rhino","your studio publicly lists a workflow including 3ds Max, Corona/V-Ray, Rhino and Photoshop, so the software overlap should make a practical test straightforward","https://imperfct.com/","office@imperfct.com","","High","https://imperfct.com/","Portfolio + a small trial task for Imperfct*","Hi Imperfct* team,

I’m [name], a 3D artist focused on architectural visualization, especially exterior/interior imagery and 3ds Max-based workflows. I’m reaching out because your studio publicly lists a workflow including 3ds Max, Corona/V-Ray, Rhino and Photoshop, so the software overlap should make a practical test straightforward.

If you ever need extra capacity, I can take on a self-contained part of a architecture/product visualization using 3ds max, corona/v-ray and rhino project and work to your references, naming conventions and feedback process.

I’d be happy to complete a small trial task first so there is no need to make a hiring decision upfront. My portfolio is [portfolio]. If you have a scene, image or production task that could be delegated, I’d be glad to take it on and work to your feedback.

Best regards,
[name]"
"87","B","indievisual","Europe","Switzerland","Zurich","Small studio (1–10)","Architectural visualization for architecture practices","your compact Zurich studio works closely with architecture clients, and I would be interested in helping on well-defined visualization tasks while you retain creative direction","https://www.indievisual.ch/","mail@indievisual.ch","","High","https://www.indievisual.ch/","Freelance archviz support — indievisual","Hi indievisual team,

My name is [name]. I work in architectural visualization with a focus on exterior and interior scenes and 3ds Max production. I wanted to contact you specifically because your compact Zurich studio works closely with architecture clients, and I would be interested in helping on well-defined visualization tasks while you retain creative direction.

My goal is to become the kind of external artist you can delegate a specific scene or image to when your internal team is busy, while keeping your creative direction and workflow intact.

I’d be happy to complete a small trial task first so there is no need to make a hiring decision upfront. My portfolio is [portfolio]. If you have a scene, image or production task that could be delegated, I’d be glad to take it on and work to your feedback.

Thanks for taking a look,
[name]"
"88","B","jformento","Europe","UK","London","Small CGI/motion studio (1–10)","CGI, 3D and motion design","your work sits between CGI, 3D and motion design, and I would be interested in taking on architectural or environment-oriented 3D tasks when you need extra hands","https://jformento.com/","hello@jformento.com","","High","https://jformento.com/","Could I help with overflow 3D work at jformento?","Hi jformento team,

I’m [name], and I’m looking to contribute to strong architectural visualization teams on a project or trial basis. jformento stood out to me because your work sits between CGI, 3D and motion design, and I would be interested in taking on architectural or environment-oriented 3D tasks when you need extra hands.

I’d be glad to help with a clearly defined part of your cgi, 3d and motion design pipeline—modeling, scene setup, materials, lighting, camera work, rendering or revisions—depending on what is most useful to you.

I’d be happy to complete a small trial task first so there is no need to make a hiring decision upfront. My portfolio is [portfolio]. If you have a scene, image or production task that could be delegated, I’d be glad to take it on and work to your feedback.

Thanks — I’d be glad to hear what would be most useful to test.
[name]"
"89","B","andruk.studio","Europe","Poland","Warsaw","Independent 3D artist / studio","Architectural visualization with 3ds Max, Corona, Photoshop and Forest Pack","your public portfolio identifies 3ds Max, Corona, Photoshop and Forest Pack as core tools and shows that you take freelance work, so I am reaching out as potential peer-to-peer overflow support","https://andruk.studio/","andrukstudio@gmail.com","","High","https://andruk.studio/","Architectural visualization collaboration with andruk.studio","Hi Jakub,

I’m [name], a 3D visualization artist working with architectural exteriors, interiors and 3ds Max-based scenes. Rather than sending a generic application, I’m writing because your public portfolio identifies 3ds Max, Corona, Photoshop and Forest Pack as core tools and shows that you take freelance work, so I am reaching out as potential peer-to-peer overflow support.

I’m not asking you to commit to a full role. I’d prefer to prove fit through a small real production task related to architectural visualization with 3ds max, corona, photoshop and forest pack, with clear inputs, deadline and review criteria.

If you ever have overflow work you would rather delegate than turn down or rush, I’d be happy to do a small test first so you can judge whether my files, communication and visual quality fit your workflow. Portfolio: [portfolio]. Even a single bounded scene or image would be enough to start.

Thank you for your time,
[name]"
"90","B","Animotions","Europe","Belgium","Ghent","Studio (10–20)","Architectural visualization of unbuilt architecture","your positioning around visualizing unbuilt architecture is directly aligned with my focus on exterior/interior architectural CGI, so a small test scene could quickly show fit","https://www.animotions.be/","info@animotions.be","","High","https://www.animotions.be/","3ds Max / archviz production support for Animotions","Hi Animotions team,

My name is [name], and I’m building relationships with studios and independent artists whose work I could support when deadlines or project volume increase. I chose to write to Animotions because your positioning around visualizing unbuilt architecture is directly aligned with my focus on exterior/interior architectural CGI, so a small test scene could quickly show fit.

I can start with a narrow assignment—such as preparing an exterior/interior scene, matching a reference, refining materials/lighting, or taking a render through revisions—so you can judge quality and reliability directly.

I’d be happy to begin with one small trial or overflow assignment so you can assess my speed, scene organization, responsiveness to feedback and final visual quality before considering anything larger. You can see my work at [portfolio]. If there is a suitable task, I’d be grateful for the chance to try it.

Best,
[name]"
"91","B","Wire Collective","Europe","UK","London","Creative archviz collective","Architectural visualization and collaborative CGI","your collective model makes you particularly interesting to me because I am specifically looking to become a trusted extra production resource rather than only pursue a conventional staff role","https://wirecollective.com/","info@wirecollective.com","","High","https://wirecollective.com/","3D visualization support for Wire Collective","Hi Wire Collective team,

I’m [name], a 3D artist focused on architectural visualization, especially exterior/interior imagery and 3ds Max-based workflows. I’m reaching out because your collective model makes you particularly interesting to me because I am specifically looking to become a trusted extra production resource rather than only pursue a conventional staff role.

If you ever need extra capacity, I can take on a self-contained part of a architectural visualization and collaborative cgi project and work to your references, naming conventions and feedback process.

I’d be happy to begin with one small trial or overflow assignment so you can assess my speed, scene organization, responsiveness to feedback and final visual quality before considering anything larger. You can see my work at [portfolio]. If there is a suitable task, I’d be grateful for the chance to try it.

Best regards,
[name]"
"92","B","Frammed","Europe","Poland","Poznań","Small/founder-led studio","3D rendering, modeling, 360/VR and Unreal-related visualization","your small team spans rendering, modeling, 360/VR and real-time work, and I would be interested in handling a clearly scoped asset, scene or render package when you have overflow","https://frammed.eu/","office@frammed.eu","","High","https://frammed.eu/","Portfolio + a small trial task for Frammed","Hi Frammed team,

My name is [name]. I work in architectural visualization with a focus on exterior and interior scenes and 3ds Max production. I wanted to contact you specifically because your small team spans rendering, modeling, 360/VR and real-time work, and I would be interested in handling a clearly scoped asset, scene or render package when you have overflow.

My goal is to become the kind of external artist you can delegate a specific scene or image to when your internal team is busy, while keeping your creative direction and workflow intact.

I’d be happy to complete a small trial task first so there is no need to make a hiring decision upfront. My portfolio is [portfolio]. If you have a scene, image or production task that could be delegated, I’d be glad to take it on and work to your feedback.

Thanks for taking a look,
[name]"
"93","B","Anton Luget","Europe","UK","Bristol","Independent 3D artist","Photoreal architecture, interiors, furniture and product CGI","you work independently across architecture, interiors and product CGI and explicitly invite cooperation by email, so I am reaching out as a potential production partner for overflow work","https://antonluget.com/","anton@antonluget.com","","High","https://www.behance.net/gallery/241068015/World-Of-Wonder-Reference-CGI-Animation","Freelance archviz support — Anton Luget","Hi Anton,

I’m [name], and I’m looking to contribute to strong architectural visualization teams on a project or trial basis. Anton Luget stood out to me because you work independently across architecture, interiors and product CGI and explicitly invite cooperation by email, so I am reaching out as a potential production partner for overflow work.

I’d be glad to help with a clearly defined part of your photoreal architecture, interiors, furniture and product cgi pipeline—modeling, scene setup, materials, lighting, camera work, rendering or revisions—depending on what is most useful to you.

If you ever have overflow work you would rather delegate than turn down or rush, I’d be happy to do a small test first so you can judge whether my files, communication and visual quality fit your workflow. Portfolio: [portfolio]. Even a single bounded scene or image would be enough to start.

Thanks — I’d be glad to hear what would be most useful to test.
[name]"
"94","B","Utura","Europe","Spain","Barcelona","Founder-led visualization studio","Architectural visualization for architects, developers, designers and brands","your studio is led directly by its founders and works internationally across residential, commercial and branded spaces, which makes a direct offer of dependable overflow support appropriate","https://utura.es/","marta_puig@utura.es","","High","https://utura.es/about","Could I help with overflow 3D work at Utura?","Hi Marta and Marc,

I’m [name], a 3D visualization artist working with architectural exteriors, interiors and 3ds Max-based scenes. Rather than sending a generic application, I’m writing because your studio is led directly by its founders and works internationally across residential, commercial and branded spaces, which makes a direct offer of dependable overflow support appropriate.

I’m not asking you to commit to a full role. I’d prefer to prove fit through a small real production task related to architectural visualization for architects, developers, designers and brands, with clear inputs, deadline and review criteria.

I’d be happy to complete a small trial task first so there is no need to make a hiring decision upfront. My portfolio is [portfolio]. If you have a scene, image or production task that could be delegated, I’d be glad to take it on and work to your feedback.

Thank you for your time,
[name]"
"95","B","Utopic Visuals","Europe","Switzerland / Spain","Geneva / Barcelona","Visualization studio","Architectural visualization for architecture, interiors and real estate","your Geneva/Barcelona practice serves a broad architecture and interiors client base, so I would be interested in helping with production-heavy exterior or interior packages","https://utopicvisuals.com/","info@utopicvisuals.com","","High","https://utopicvisuals.com/","Architectural visualization collaboration with Utopic Visuals","Hi Utopic Visuals team,

My name is [name], and I’m building relationships with studios and independent artists whose work I could support when deadlines or project volume increase. I chose to write to Utopic Visuals because your Geneva/Barcelona practice serves a broad architecture and interiors client base, so I would be interested in helping with production-heavy exterior or interior packages.

I can start with a narrow assignment—such as preparing an exterior/interior scene, matching a reference, refining materials/lighting, or taking a render through revisions—so you can judge quality and reliability directly.

I’d be happy to begin with one small trial or overflow assignment so you can assess my speed, scene organization, responsiveness to feedback and final visual quality before considering anything larger. You can see my work at [portfolio]. If there is a suitable task, I’d be grateful for the chance to try it.

Best,
[name]"
"96","B","Alga Studio","Europe","Spain","Barcelona","Small studio (1–10)","3D visualization, interior design, landscaping and product imagery","your three-founder studio works across interior/exterior visualization, product imagery and design and states that it is open to different kinds of collaboration","https://algastudio.cat/","info@algastudio.cat","","High","https://algastudio.cat/contacts/","3ds Max / archviz production support for Alga Studio","Hi Alga Studio team,

I’m [name], a 3D artist focused on architectural visualization, especially exterior/interior imagery and 3ds Max-based workflows. I’m reaching out because your three-founder studio works across interior/exterior visualization, product imagery and design and states that it is open to different kinds of collaboration.

If you ever need extra capacity, I can take on a self-contained part of a 3d visualization, interior design, landscaping and product imagery project and work to your references, naming conventions and feedback process.

I’d be happy to begin with one small trial or overflow assignment so you can assess my speed, scene organization, responsiveness to feedback and final visual quality before considering anything larger. You can see my work at [portfolio]. If there is a suitable task, I’d be grateful for the chance to try it.

Best regards,
[name]"
"97","B","AIR Studio","Europe","France","Nantes / Bordeaux","Small studio (1–10)","Architectural visualization with strong atmosphere, composition and light","your small French studio is led by three associates and focuses on refined architectural imagery, so I would be glad to work under your art direction on a bounded scene or image","https://airstudio.fr/","contact@airstudio.fr","","High","https://airstudio.fr/contact","3D visualization support for AIR Studio","Hi AIR Studio team,

My name is [name]. I work in architectural visualization with a focus on exterior and interior scenes and 3ds Max production. I wanted to contact you specifically because your small French studio is led by three associates and focuses on refined architectural imagery, so I would be glad to work under your art direction on a bounded scene or image.

My goal is to become the kind of external artist you can delegate a specific scene or image to when your internal team is busy, while keeping your creative direction and workflow intact.

I’d be happy to complete a small trial task first so there is no need to make a hiring decision upfront. My portfolio is [portfolio]. If you have a scene, image or production task that could be delegated, I’d be glad to take it on and work to your feedback.

Thanks for taking a look,
[name]"
"98","B","Atelier Sama","Europe","France","Marseille","Small studio (1–10)","Architectural, urban and landscape illustration/visualization","your Marseille atelier approaches visualization from an architect's perspective and works closely with architecture, urbanism and landscape projects, so a carefully scoped support task feels like the right introduction","https://ateliersama.fr/","contact@ateliersama.fr","","High","https://ateliersama.fr/contact","Portfolio + a small trial task for Atelier Sama","Hi Benjamin and Atelier Sama,

I’m [name], and I’m looking to contribute to strong architectural visualization teams on a project or trial basis. Atelier Sama stood out to me because your Marseille atelier approaches visualization from an architect's perspective and works closely with architecture, urbanism and landscape projects, so a carefully scoped support task feels like the right introduction.

I’d be glad to help with a clearly defined part of your architectural, urban and landscape illustration/visualization pipeline—modeling, scene setup, materials, lighting, camera work, rendering or revisions—depending on what is most useful to you.

I’d be happy to complete a small trial task first so there is no need to make a hiring decision upfront. My portfolio is [portfolio]. If you have a scene, image or production task that could be delegated, I’d be glad to take it on and work to your feedback.

Thanks — I’d be glad to hear what would be most useful to test.
[name]"
"99","B","Make Believe","Europe","UK","Bournemouth","Small CGI studio","Architectural and commercial CGI visualization","your small team explicitly combines CGI, photography and post-production for architectural visualization, so I would be interested in supporting your 3D production when project schedules overlap","https://www.make-believe.co/","info@makestudio.co.uk","","High","https://www.make-believe.co/about","Freelance archviz support — Make Believe","Hi Make Believe team,

I’m [name], a 3D visualization artist working with architectural exteriors, interiors and 3ds Max-based scenes. Rather than sending a generic application, I’m writing because your small team explicitly combines CGI, photography and post-production for architectural visualization, so I would be interested in supporting your 3D production when project schedules overlap.

I’m not asking you to commit to a full role. I’d prefer to prove fit through a small real production task related to architectural and commercial cgi visualization, with clear inputs, deadline and review criteria.

I’d be happy to complete a small trial task first so there is no need to make a hiring decision upfront. My portfolio is [portfolio]. If you have a scene, image or production task that could be delegated, I’d be glad to take it on and work to your feedback.

Thank you for your time,
[name]"
"100","B","Marsala Images","Europe","Romania","Bucharest","Architect-led visualization studio","Photoreal exterior/interior renders, animations and 360 experiences","your team is made up of architects turned visualizers and says it can scale from a single hero shot to campaigns of 50+ images, which makes flexible extra capacity especially relevant","https://www.bemarsala.com/","hello@bemarsala.com","","High","https://www.bemarsala.com/","Could I help with overflow 3D work at Marsala Images?","Hi Marsala Images team,

My name is [name], and I’m building relationships with studios and independent artists whose work I could support when deadlines or project volume increase. I chose to write to Marsala Images because your team is made up of architects turned visualizers and says it can scale from a single hero shot to campaigns of 50+ images, which makes flexible extra capacity especially relevant.

I can start with a narrow assignment—such as preparing an exterior/interior scene, matching a reference, refining materials/lighting, or taking a render through revisions—so you can judge quality and reliability directly.

I’d be happy to begin with one small trial or overflow assignment so you can assess my speed, scene organization, responsiveness to feedback and final visual quality before considering anything larger. You can see my work at [portfolio]. If there is a suitable task, I’d be grateful for the chance to try it.

Best,
[name]"
